{"trueResult":{"probs":[0.08118368320238828,0.08118368320238828,0.044554550002441774,0.04455455000244173,0.007517793967297679,0.007517793967297679,0.009779799246246973,0.08118368320238828,0.08118368320238828,0.044554550002441774,0.04455455000244173,0.007517793967297679,0.007517793967297679,0.009779799246246973,0.1056107851909732,0.1056107851909732,0.05796042780983277,0.05796042780983282,0.0012224749057808738,0.0012224749057808738,0.0037696035994540657,0.03129208450102909,0.03129208450102909,0.021122604886965272,0.012519452406923889,0.00565960604528182,0.00565960604528182,0.00651387501985663],"support":["John is a doctor","John is a teacher","John is a doctor and a teacher","John is a doctor or a teacher","John is not a doctor","John is not a teacher","John is not a doctor and a teacher","Mary is a doctor","Mary is a teacher","Mary is a doctor and a teacher","Mary is a doctor or a teacher","Mary is not a doctor","Mary is not a teacher","Mary is not a doctor and a teacher","John and Mary are doctors","John and Mary are teachers","John and Mary are doctors and teachers","John and Mary are doctors or teachers","John and Mary are not doctors","John and Mary are not teachers","John and Mary are not doctors and teachers","John or Mary is a doctor","John or Mary is a teacher","John or Mary is a doctor and a teacher","John or Mary is a doctor or a teacher","John or Mary is not a doctor","John or Mary is not a teacher","John or Mary is not a doctor and a teacher"]},"learnedResult":{"probs":[0.08980188558225234,0.12470095976468878,0.06638073466522117,0.049718733515960054,0.02489574181899875,0.017741611355795342,0.015157161381298696,0.010569328729217753,0.053864278169606,0.04530719765358956,0.019859825216053804,0.028624286483916014,0.03733699739852214,0.041771807204202836,0.02347343228146168,0.020331833394655226,0.04128191951587731,0.044803808362145064,0.018257497119601146,0.024598125733909407,0.014339861713460912,0.012221007050657673,0.009154300648644986,0.005555804918577629,0.033310225636420325,0.03440692727751707,0.01744217121624225,0.019082019236685326,0.018228825248016008,0.01767393650425919,0.011127656624086685,0.00898009857845918],"support":["John is a doctor","John is a teacher","John is a doctor and a teacher","John is a doctor or a teacher","John is not a doctor","John is not a teacher","John is not a doctor and a teacher","John is not a doctor or a teacher","Mary is a doctor","Mary is a teacher","Mary is a doctor and a teacher","Mary is a doctor or a teacher","Mary is not a doctor","Mary is not a teacher","Mary is not a doctor and a teacher","Mary is not a doctor or a teacher","John and Mary are doctors","John and Mary are teachers","John and Mary are doctors and teachers","John and Mary are doctors or teachers","John and Mary are not doctors","John and Mary are not teachers","John and Mary are not doctors and teachers","John and Mary are not doctors or teachers","John or Mary is a doctor","John or Mary is a teacher","John or Mary is a doctor and a teacher","John or Mary is a doctor or a teacher","John or Mary is not a doctor","John or Mary is not a teacher","John or Mary is not a doctor and a teacher","John or Mary is not a doctor or a teacher"]},"KLDivergence":0.29195343755868236}