{"andW0":[{"dims":[3,2],"data":[0.7879305295603998,0.8306911563247767,0.7822487253932494,0.7094817003824786,-0.8901239161801393,-0.7260806203064881]}],"andW1":[{"dims":[1,3],"data":[1.0336855277576826,1.1538745847949818,-0.8272342149725045]}],"andb0":[{"dims":[3,1],"data":[-0.9542605917799252,-0.8694282083426288,0.8941434278645277]}],"andb1":[{"dims":[1,1],"data":[-0.9361131518037362]}],"orW0":[{"dims":[3,2],"data":[-0.34295305159316375,-0.4103499928441478,0.31270273948795135,0.6974318133564107,0.668840628070495,0.38663897293874017]}],"orW1":[{"dims":[1,3],"data":[-0.673728090125556,0.47494315106932555,0.45934621176974694]}],"orb0":[{"dims":[3,1],"data":[0.2289417108323776,-0.349132600814009,-0.3356158712319721]}],"orb1":[{"dims":[1,1],"data":[-0.12917815502883312]}],"notW0":[{"dims":[3,1],"data":[1.0754972855280138,-0.9289240770490178,-0.7717911933030761]}],"notW1":[{"dims":[1,3],"data":[-0.8673608768392641,0.9788482661211535,0.6798321989143677]}],"notb0":[{"dims":[3,1],"data":[-0.49165742181423455,0.4194467019788131,0.30607973693700613]}],"notb1":[{"dims":[1,1],"data":[-0.2910317258950606]}]}