{"trueResult":{"probs":[0.22921420581057594,0.019508918805434698,0.02689844941838866,0.026361758948273434,0.22921420581057594,0.019508918805434698,0.02689844941838866,0.026361758948273434,0.06440286750063225,0.06440286750063225,0.03505845891035562,0.03415247310570716,0.06440286750063225,0.06440286750063225,0.03505845891035562,0.03415247310570716],"support":["Who is a doctor","Who is a teacher","Who is a doctor and a teacher","Who is a doctor or a teacher","Who isn't a doctor","Who isn't a teacher","Who isn't a doctor and a teacher","Who isn't a doctor or a teacher","What is John","What is Mary","What are John and Mary","What is John or Mary","What isn't John","What isn't Mary","What aren't John and Mary","What isn't John or Mary"]},"learnedResult":{"probs":[0.14381061722886262,0.06984261929413513,0.03833044218155484,0.03833044216463256,0.0698426192944466,0.06984261929413513,0.038330442163906506,0.03833044216390653,0.1001665709068942,0.1001661780320788,0.038330442194756974,0.03833044216429511,0.0698426192942909,0.0698426192942909,0.03833044216390653,0.038330442163906506],"support":["Who is a doctor","Who is a teacher","Who is a doctor and a teacher","Who is a doctor or a teacher","Who isn't a doctor","Who isn't a teacher","Who isn't a doctor and a teacher","Who isn't a doctor or a teacher","What is John","What is Mary","What are John and Mary","What is John or Mary","What isn't John","What isn't Mary","What aren't John and Mary","What isn't John or Mary"]},"KLDivergence":0.20922566531189163}