{"trueResult":{"probs":[0.05561319640979196,0.05561319640979191,0.16119021963607344,0.020560500179419624,0.05561319640979196,0.05561319640979191,0.16119021963607344,0.020560500179419624,0.07171132446625784,0.07171132446625784,0.031954853337267324,0.03164538509514016,0.07171132446625784,0.07171132446625784,0.031954853337267324,0.03164538509514016],"support":["Who is a doctor","Who is a teacher","Who is a doctor and a teacher","Who is a doctor or a teacher","Who isn't a doctor","Who isn't a teacher","Who isn't a doctor and a teacher","Who isn't a doctor or a teacher","What is John","What is Mary","What are John and Mary","What is John or Mary","What isn't John","What isn't Mary","What aren't John and Mary","What isn't John or Mary"]},"learnedResult":{"probs":[0.09075309141800768,0.09074179761114971,0.04236784426002068,0.042367480377800915,0.07719858208210661,0.0771985820829578,0.04236747967257848,0.04236747967257071,0.0853518444535124,0.08541857208239978,0.04236764284741688,0.0423674800459393,0.07719858202284823,0.07719858202554601,0.04236747967257419,0.04236747967257067],"support":["Who is a doctor","Who is a teacher","Who is a doctor and a teacher","Who is a doctor or a teacher","Who isn't a doctor","Who isn't a teacher","Who isn't a doctor and a teacher","Who isn't a doctor or a teacher","What is John","What is Mary","What are John and Mary","What is John or Mary","What isn't John","What isn't Mary","What aren't John and Mary","What isn't John or Mary"]},"KLDivergence":0.23799339086157925}