{"trueResult":{"probs":[0.07314497016363104,0.07314497016363104,0.03248027289420872,0.031733907142317455,0.07314497016363104,0.07314497016363104,0.03248027289420872,0.031733907142317455,0.05698246399509907,0.05698246399509907,0.020735222917302933,0.15479572872871053,0.05698246399509907,0.05698246399509907,0.020735222917302933,0.15479572872871053],"support":["Who is a doctor","Who is a teacher","Who is a doctor and a teacher","Who is a doctor or a teacher","Who isn't a doctor","Who isn't a teacher","Who isn't a doctor and a teacher","Who isn't a doctor or a teacher","What is John","What is Mary","What are John and Mary","What is John or Mary","What isn't John","What isn't Mary","What aren't John and Mary","What isn't John or Mary"]},"learnedResult":{"probs":[0.10546038919516222,0.10668807681345455,0.04938925956042069,0.022787758652919182,0.10546038919516222,0.10668807681345455,0.04938925956042069,0.022787758652919182,0.08024229125383023,0.08042267586824656,0.03233189147492255,0.022677657181044007,0.08024229125383023,0.08042267586824656,0.03233189147492255,0.022677657181044007],"support":["Who is a doctor","Who is a teacher","Who is a doctor and a teacher","Who is a doctor or a teacher","Who isn't a doctor","Who isn't a teacher","Who isn't a doctor and a teacher","Who isn't a doctor or a teacher","What is John","What is Mary","What are John and Mary","What is John or Mary","What isn't John","What isn't Mary","What aren't John and Mary","What isn't John or Mary"]},"KLDivergence":0.3829878525784764}