{"trueResult":{"probs":[0.06327111734353735,0.0632711173435373,0.034279269305067944,0.03340485038853081,0.06327111734353735,0.0632711173435373,0.034279269305067944,0.03340485038853081,0.019306471141005675,0.2335112339276271,0.02673579184995846,0.026220148700735305,0.019306471141005675,0.2335112339276271,0.02673579184995846,0.026220148700735305],"support":["Who is a doctor","Who is a teacher","Who is a doctor and a teacher","Who is a doctor or a teacher","Who isn't a doctor","Who isn't a teacher","Who isn't a doctor and a teacher","Who isn't a doctor or a teacher","What is John","What is Mary","What are John and Mary","What is John or Mary","What isn't John","What isn't Mary","What aren't John and Mary","What isn't John or Mary"]},"learnedResult":{"probs":[0.07269572307047212,0.06931340726468137,0.020575524260566795,0.047558348686937396,0.07269572307047212,0.06931340726468137,0.020575524260566795,0.047558348686937396,0.037224521975748576,0.20017980618019074,0.020429626526238864,0.03202304203516431,0.037224521975748576,0.20017980618019074,0.020429626526238864,0.03202304203516431],"support":["Who is a doctor","Who is a teacher","Who is a doctor and a teacher","Who is a doctor or a teacher","Who isn't a doctor","Who isn't a teacher","Who isn't a doctor and a teacher","Who isn't a doctor or a teacher","What is John","What is Mary","What are John and Mary","What is John or Mary","What isn't John","What isn't Mary","What aren't John and Mary","What isn't John or Mary"]},"KLDivergence":0.03275943004213315}