{"andW0":[{"dims":[3,2],"data":[1.0531666870533845,0.886502946491076,-0.8503099570636226,-0.9249084330692992,-0.9745566095943645,-1.0398206663511942]}],"andW1":[{"dims":[1,3],"data":[1.1730572445460856,-1.2957099278225317,-1.0938427409034357]}],"andb0":[{"dims":[3,1],"data":[-1.2028578641290453,1.1461953659888462,1.223804716275526]}],"andb1":[{"dims":[1,1],"data":[-1.3637966383223934]}],"orW0":[{"dims":[3,2],"data":[0.9489918772502511,0.39991278155393833,0.8016421953638136,0.3010163964519196,-0.686509784768403,-0.22337254157805173]}],"orW1":[{"dims":[1,3],"data":[1.0064047601892712,0.8812696316333085,-0.38244620327217754]}],"orb0":[{"dims":[3,1],"data":[-0.3009087440285165,-0.22674099870488912,0.14762244269368952]}],"orb1":[{"dims":[1,1],"data":[-0.20638586426874964]}],"notW0":[{"dims":[3,1],"data":[-0.9041795441904532,0.894283549535188,-0.9472537094051318]}],"notW1":[{"dims":[1,3],"data":[1.2010960630089236,-1.127587905861618,0.882439834490069]}],"notb0":[{"dims":[3,1],"data":[0.42065508329542184,-0.41142088950911915,0.4245393306098111]}],"notb1":[{"dims":[1,1],"data":[-0.11905595641657876]}]}