{"andW0":[{"dims":[3,2],"data":[0.028250526221879967,0.052826498472024516,0.17487254316354467,0.14300989881148235,-0.0489795150440105,0.09348999025052615]}],"andW1":[{"dims":[1,3],"data":[0.14477365784627994,0.10818966395939299,0.09043306429273051]}],"andb0":[{"dims":[3,1],"data":[0.16080943369624237,0.1817989454226294,-0.10239970576261173]}],"andb1":[{"dims":[1,1],"data":[0.06920482912374554]}],"orW0":[{"dims":[3,2],"data":[0.05171429714543077,-0.07536261826666926,0.22062028207631354,0.1511724446985933,-0.22750607227819625,-0.0461990857937785]}],"orW1":[{"dims":[1,3],"data":[0.0008230504062561111,0.11843934871189633,-0.21355654334921534]}],"orb0":[{"dims":[3,1],"data":[-0.18809181262231095,-0.15672684993642122,0.10895590176335307]}],"orb1":[{"dims":[1,1],"data":[-0.07103905108639215]}],"notW0":[{"dims":[3,1],"data":[0.008298534068144698,-0.27244258391053777,0.11916599860290344]}],"notW1":[{"dims":[1,3],"data":[-0.08396343057617185,0.19508138849758178,-0.12607858468291613]}],"notb0":[{"dims":[3,1],"data":[0.22870310740523253,0.0590219261080216,0.06601145461169572]}],"notb1":[{"dims":[1,1],"data":[-0.1685221258359977]}]}