{"andW0":[{"dims":[3,2],"data":[-0.711512119707968,-0.7614670698279614,0.7825182831137957,0.8820942519455122,0.7198891516570796,0.7953619852858349]}],"andW1":[{"dims":[1,3],"data":[-1.201769166856751,0.8908223429135292,1.1334888549813933]}],"andb0":[{"dims":[3,1],"data":[0.9767332126402053,-0.876937370881536,-0.9197395725976306]}],"andb1":[{"dims":[1,1],"data":[-0.8106536236305701]}],"orW0":[{"dims":[3,2],"data":[0.45491353895482717,0.48683655750428867,-0.494493713948335,-0.5262133908158412,-0.724355259999655,-0.3564493102863011]}],"orW1":[{"dims":[1,3],"data":[0.9326019298538978,-0.9224528760175257,-0.5593349811088002]}],"orb0":[{"dims":[3,1],"data":[-0.25240653862201606,0.2814406709081272,0.33105166712186257]}],"orb1":[{"dims":[1,1],"data":[-0.22009168567601692]}],"notW0":[{"dims":[3,1],"data":[-1.103194426323319,0.8679135183838407,0.9717646160610022]}],"notW1":[{"dims":[1,3],"data":[1.0522058252103514,-1.0078907867515354,-1.136011226375944]}],"notb0":[{"dims":[3,1],"data":[0.519151244455058,-0.37836064064123254,-0.4516120343286116]}],"notb1":[{"dims":[1,1],"data":[-0.28742660759140715]}]}