{"andW0":[{"dims":[3,2],"data":[-0.9469406633086033,-0.9537955809968487,-0.9013918177034954,-0.9411816685368048,-0.9751574064714931,-0.9829651795167482]}],"andW1":[{"dims":[1,3],"data":[-1.1674908518500589,-1.2498117070418464,-1.1821914213828586]}],"andb0":[{"dims":[3,1],"data":[1.159620154428585,1.1540203894911094,1.2460577904658021]}],"andb1":[{"dims":[1,1],"data":[-1.2038054023163316]}],"orW0":[{"dims":[3,2],"data":[-0.7309809475342958,-0.854575894063986,-0.8385282644473326,-0.843944509097206,0.8228270791428439,0.8798365198206601]}],"orW1":[{"dims":[1,3],"data":[-1.3225928383045693,-1.147457917311236,1.1706142848320402]}],"orb0":[{"dims":[3,1],"data":[0.335364291241611,0.348885218206877,-0.3575027312457158]}],"orb1":[{"dims":[1,1],"data":[-0.20198405268183053]}],"notW0":[{"dims":[3,1],"data":[-0.9613596030408513,1.0435794137539594,1.0620224814635735]}],"notW1":[{"dims":[1,3],"data":[1.2199770101842502,-1.1078459450284623,-1.077778417642742]}],"notb0":[{"dims":[3,1],"data":[0.40956289699629495,-0.45559557350915114,-0.459134512006398]}],"notb1":[{"dims":[1,1],"data":[-0.43731658151361813]}]}