{"andW0":[{"dims":[3,2],"data":[-0.8507331118468658,-0.8404960040364516,0.8154293814221921,0.8107329108706486,-0.7562289471278374,-0.78501575305213]}],"andW1":[{"dims":[1,3],"data":[-1.0172010568201235,1.1078523338803334,-1.1003685739172586]}],"andb0":[{"dims":[3,1],"data":[0.9454241484572383,-0.9424820310597537,0.9004650783116424]}],"andb1":[{"dims":[1,1],"data":[-1.1063259112321613]}],"orW0":[{"dims":[3,2],"data":[-0.7760191935726295,-0.5517917005791103,-0.7661673498763184,-0.6328159292742488,0.7741642184319764,0.5855480495258321]}],"orW1":[{"dims":[1,3],"data":[-0.8294651997260669,-0.9022348512495436,0.9192208983599861]}],"orb0":[{"dims":[3,1],"data":[0.34812478213746834,0.37532669633533616,-0.36232422668870934]}],"orb1":[{"dims":[1,1],"data":[-0.2399933869652096]}],"notW0":[{"dims":[3,1],"data":[-0.9698013337225991,-0.9919310370242019,-1.113859660141726]}],"notW1":[{"dims":[1,3],"data":[1.1043226649232865,1.0883795038187138,1.0024242402607346]}],"notb0":[{"dims":[3,1],"data":[0.44114739547832843,0.4543855729973246,0.5172810908520508]}],"notb1":[{"dims":[1,1],"data":[-0.3017735794646061]}]}