{"trueResult":{"probs":[0.1526380546236029,0.04198644465236594,0.036191959121857555,0.036583011116507046,0.11307705203457621,0.031104323220117122,0.026811662759639986,0.027101361202510273,0.04198644465236594,0.04198644465236594,0.02304264938343621,0.02304264938343621,0.031104323220117122,0.031104323220117122,0.017070414516029902,0.017070414516029902,0.036036473556560734,0.02304264938343621,0.014239235342052797,0.01501006766403221,0.026996238446180633,0.017070414516029902,0.011059105685364683,0.010552542506634413,0.036441110237998835,0.02304264938343621,0.014928231213303365,0.014244442444900599,0.026696476219815107,0.017070414516029902,0.010548684989967798,0.011119731619180532],"support":["Is John a doctor","Is John a teacher","Is John a doctor and a teacher","Is John a doctor or a teacher","Is John not a doctor","Is John not a teacher","Is John not a doctor and a teacher","Is John not a doctor or a teacher","Is Mary a doctor","Is Mary a teacher","Is Mary a doctor and a teacher","Is Mary a doctor or a teacher","Is Mary not a doctor","Is Mary not a teacher","Is Mary not a doctor and a teacher","Is Mary not a doctor or a teacher","Are John and Mary doctors","Are John and Mary teachers","Are John and Mary doctors and teachers","Are John and Mary doctors or teachers","Are John and Mary not doctors","Are John and Mary not teachers","Are John and Mary not doctors and teachers","Are John and Mary not doctors or teachers","Is John or Mary a doctor","Is John or Mary a teacher","Is John or Mary a doctor and a teacher","Is John or Mary a doctor or a teacher","Is John or Mary not a doctor","Is John or Mary not a teacher","Is John or Mary not a doctor and a teacher","Is John or Mary not a doctor or a teacher"]},"learnedResult":{"probs":[0.1438684908888892,0.046510344962152964,0.04003359106063059,0.02575083354413973,0.10658039943247076,0.03445571099815503,0.02965761369703586,0.019076686687240708,0.046510344962152964,0.046510344962152964,0.02552541851397669,0.02552541851397669,0.03445571099815503,0.03445571099815503,0.018909695125680394,0.018909695125680394,0.03978726437474056,0.02552541851397669,0.015778555797812555,0.014032502686399072,0.02866790005144586,0.018909695125680394,0.012069805890867933,0.010411728745324868,0.02574720798905266,0.02552541851397669,0.014038562851881826,0.014008727728764186,0.019074213879647323,0.018909695125680394,0.01039936334063313,0.010377928913471031],"support":["Is John a doctor","Is John a teacher","Is John a doctor and a teacher","Is John a doctor or a teacher","Is John not a doctor","Is John not a teacher","Is John not a doctor and a teacher","Is John not a doctor or a teacher","Is Mary a doctor","Is Mary a teacher","Is Mary a doctor and a teacher","Is Mary a doctor or a teacher","Is Mary not a doctor","Is Mary not a teacher","Is Mary not a doctor and a teacher","Is Mary not a doctor or a teacher","Are John and Mary doctors","Are John and Mary teachers","Are John and Mary doctors and teachers","Are John and Mary doctors or teachers","Are John and Mary not doctors","Are John and Mary not teachers","Are John and Mary not doctors and teachers","Are John and Mary not doctors or teachers","Is John or Mary a doctor","Is John or Mary a teacher","Is John or Mary a doctor and a teacher","Is John or Mary a doctor or a teacher","Is John or Mary not a doctor","Is John or Mary not a teacher","Is John or Mary not a doctor and a teacher","Is John or Mary not a doctor or a teacher"]},"KLDivergence":0.010111173141974898}