{"andW0":[{"dims":[3,2],"data":[-0.5433437590177355,-0.7356385767504013,-0.4016938573467959,-0.671430037876601,0.48942226036679465,0.691247554602819]}],"andW1":[{"dims":[1,3],"data":[0.8901360062631305,0.8319229582535754,-0.8999385721997135]}],"andb0":[{"dims":[3,1],"data":[-0.0492868221369079,-0.42392582551901736,0.21103276775764057]}],"andb1":[{"dims":[1,1],"data":[-0.8695355710300663]}],"orW0":[{"dims":[3,2],"data":[0.7094743824391819,0.6375620391477805,-0.4183600604169187,-0.7247891257569855,0.39384309806213696,0.7327076308614654]}],"orW1":[{"dims":[1,3],"data":[-0.7509664331718545,0.8742250656792306,-0.8871172116189098]}],"orb0":[{"dims":[3,1],"data":[0.053368955511860224,-0.21768717537124038,0.21462778974311103]}],"orb1":[{"dims":[1,1],"data":[-1.0491822023005866]}],"notW0":[{"dims":[3,1],"data":[-0.605019149963961,0.7475477799017219,0.7234271631468897]}],"notW1":[{"dims":[1,3],"data":[1.0272451854132918,-0.8006796864876882,-0.8231650593005941]}],"notb0":[{"dims":[3,1],"data":[-0.6373705433697563,0.38527406268030673,0.4395788246812969]}],"notb1":[{"dims":[1,1],"data":[-0.9600516208092045]}]}