{"trueResult":{"probs":[0.0632711173435373,0.0632711173435373,0.034279269305067944,0.03340485038853081,0.0632711173435373,0.0632711173435373,0.034279269305067944,0.03340485038853081,0.2335112339276272,0.019306471141005675,0.026735791849958446,0.02622014870073529,0.2335112339276272,0.019306471141005675,0.026735791849958446,0.02622014870073529],"support":["Who is a doctor","Who is a teacher","Who is a doctor and a teacher","Who is a doctor or a teacher","Who isn't a doctor","Who isn't a teacher","Who isn't a doctor and a teacher","Who isn't a doctor or a teacher","What is John","What is Mary","What are John and Mary","What is John or Mary","What isn't John","What isn't Mary","What aren't John and Mary","What isn't John or Mary"]},"learnedResult":{"probs":[0.10082250624651042,0.10082569624147493,0.038096401532532305,0.0380887037691505,0.06940746952792262,0.06940746788662441,0.03808852112217458,0.03808852029611803,0.14659589247357194,0.06940180887343587,0.038096382458113025,0.03808865028736548,0.06941312900118463,0.06940180887343587,0.038088521120214235,0.03808852029017147],"support":["Who is a doctor","Who is a teacher","Who is a doctor and a teacher","Who is a doctor or a teacher","Who isn't a doctor","Who isn't a teacher","Who isn't a doctor and a teacher","Who isn't a doctor or a teacher","What is John","What is Mary","What are John and Mary","What is John or Mary","What isn't John","What isn't Mary","What aren't John and Mary","What isn't John or Mary"]},"KLDivergence":0.21740879356990395}