{"andW0":[{"dims":[3,2],"data":[-0.1621413706919725,0.1366452909688533,0.42353889747028683,0.0034951719603092224,0.3497144880484395,0.01380142429728687]}],"andW1":[{"dims":[1,3],"data":[-0.14676496924226193,0.22748100374125962,0.17530568441793368]}],"andb0":[{"dims":[3,1],"data":[0.1260089734628388,-0.2216663329452238,-0.21265379367696008]}],"andb1":[{"dims":[1,1],"data":[-0.158154015316489]}],"orW0":[{"dims":[3,2],"data":[-0.3529754477160974,0.07238323637996316,-0.20331237973542743,0.04557136651579705,0.023926616253101968,-0.17015364648154854]}],"orW1":[{"dims":[1,3],"data":[-0.34613280187090123,-0.28868667632000444,0.1818289443293844]}],"orb0":[{"dims":[3,1],"data":[0.07910460716435312,0.19067883629089466,-0.018454874861804776]}],"orb1":[{"dims":[1,1],"data":[-0.0840386532091517]}],"notW0":[{"dims":[3,1],"data":[-0.13018827856282947,0.20957926278437622,0.3462089093555753]}],"notW1":[{"dims":[1,3],"data":[-0.020289182417963056,0.33598698757233325,0.2570281918927012]}],"notb0":[{"dims":[3,1],"data":[-0.1234316225781899,-0.06962972479375171,-0.12117046038342795]}],"notb1":[{"dims":[1,1],"data":[-0.2400371456884626]}]}