{"andW0":[{"dims":[3,2],"data":[-1.0699583384384967,-0.7510246326925325,-0.9159464067679232,-0.8402945157160608,0.898268651246982,0.7178271418244598]}],"andW1":[{"dims":[1,3],"data":[-1.0972399022435637,-1.1500992186725794,1.3421363877124461]}],"andb0":[{"dims":[3,1],"data":[1.1435797316387435,1.1301505294142518,-1.0552023149228227]}],"andb1":[{"dims":[1,1],"data":[-1.2022008408804317]}],"orW0":[{"dims":[3,2],"data":[-0.8500017950830482,-1.1703877259587294,-1.0779351333422538,-1.0892457222578422,0.9605895496099689,1.229962046732012]}],"orW1":[{"dims":[1,3],"data":[-1.2445613250746654,-1.2116147292805077,1.1488157067480353]}],"orb0":[{"dims":[3,1],"data":[0.4748025609006185,0.5200324599815843,-0.5187941000522606]}],"orb1":[{"dims":[1,1],"data":[0.010082492078831202]}],"notW0":[{"dims":[3,1],"data":[1.325293315489365,1.509943237312591,-1.3080091607229212]}],"notW1":[{"dims":[1,3],"data":[-1.225338188118477,-1.1155332271570464,1.2623532834428675]}],"notb0":[{"dims":[3,1],"data":[-0.5446302869590021,-0.6404557943867322,0.5352088468264595]}],"notb1":[{"dims":[1,1],"data":[-0.11308869313626146]}]}