{"andW0":[{"dims":[3,2],"data":[0.24760623238086105,0.2263627344783999,-0.1311114950417763,-0.11430799252847701,-0.2339252372487503,-0.08534882170612018]}],"andW1":[{"dims":[1,3],"data":[0.15224925899633235,-0.12392384448312228,-0.08234585991705619]}],"andb0":[{"dims":[3,1],"data":[-0.03554653138326782,0.16961159624714842,-0.02500807690145597]}],"andb1":[{"dims":[1,1],"data":[-0.19279313747139318]}],"orW0":[{"dims":[3,2],"data":[0.06891074601884331,0.04138518448720975,0.0550893752035482,0.024185353207106526,-0.003971553206387623,0.03740443948829091]}],"orW1":[{"dims":[1,3],"data":[0.06153963958984849,0.006926967263206401,0.0008176045389166519]}],"orb0":[{"dims":[3,1],"data":[-0.04677158639955253,0.02851035015807525,-0.10608980616264309]}],"orb1":[{"dims":[1,1],"data":[0.06725056172922853]}],"notW0":[{"dims":[3,1],"data":[0.18585129251912055,0.07039372556041015,0.07431098565010125]}],"notW1":[{"dims":[1,3],"data":[-0.20466077740185457,-0.0916283779999201,-0.13276074651336858]}],"notb0":[{"dims":[3,1],"data":[-0.02819247534365427,0.17784108802436768,0.08962534210531654]}],"notb1":[{"dims":[1,1],"data":[-0.05525161389773619]}]}