{"andW0":[{"dims":[3,2],"data":[-0.8885917635376839,-0.8465831961501917,0.8241425471102471,0.8658025003348011,0.7779323280240545,0.7922012286396236]}],"andW1":[{"dims":[1,3],"data":[-1.0247217526108479,1.023947175427769,1.0448050130341546]}],"andb0":[{"dims":[3,1],"data":[1.0927846528721423,-1.0270035986792891,-0.8813729670824646]}],"andb1":[{"dims":[1,1],"data":[-0.9277707805907236]}],"orW0":[{"dims":[3,2],"data":[-0.5853637277380255,-0.38458185790633354,-0.7164887436434565,-0.5958357492036777,-0.5925236929417137,-0.19550476165318978]}],"orW1":[{"dims":[1,3],"data":[-0.8863652527520945,-0.7110651011142892,-0.37230475086724646]}],"orb0":[{"dims":[3,1],"data":[0.2944402606571783,0.42220306166767885,0.21229154612529186]}],"orb1":[{"dims":[1,1],"data":[-0.2404048816077504]}],"notW0":[{"dims":[3,1],"data":[-0.9195842892416317,-0.8761442335046336,-0.9201302083643752]}],"notW1":[{"dims":[1,3],"data":[1.08292341236742,1.0647023052768778,1.017783245034072]}],"notb0":[{"dims":[3,1],"data":[0.42003689965663915,0.3900479087905102,0.41162122747584723]}],"notb1":[{"dims":[1,1],"data":[-0.3720674165470536]}]}