{"andW0":[{"dims":[3,2],"data":[-0.6419634941137534,-0.6276459923107407,0.4831250447161447,0.5112485609123977,-0.6286181827426192,-0.6580554366616372]}],"andW1":[{"dims":[1,3],"data":[-0.6443615469364915,0.7507850648657212,-0.6944001867232962]}],"andb0":[{"dims":[3,1],"data":[0.6447567065640055,-0.6413518232430885,0.8896118918581933]}],"andb1":[{"dims":[1,1],"data":[-0.6360245864492469]}],"orW0":[{"dims":[3,2],"data":[-0.08986944008689439,-0.09181972472428884,-0.15428675472880046,0.03360966021837125,0.14873593729576692,0.5145799323499912]}],"orW1":[{"dims":[1,3],"data":[-0.12005143542130178,-0.03319318431947289,0.3944113817116278]}],"orb0":[{"dims":[3,1],"data":[-0.1548987975130493,0.2936160006735036,-0.2652350062079294]}],"orb1":[{"dims":[1,1],"data":[-0.20853907919076947]}],"notW0":[{"dims":[3,1],"data":[-0.6142262967019914,-0.5021714314192491,-0.5143738394504553]}],"notW1":[{"dims":[1,3],"data":[0.4246723038683064,0.5270801985862624,0.57261817008184]}],"notb0":[{"dims":[3,1],"data":[0.21246723465922127,0.1331767584637376,0.14679160647422865]}],"notb1":[{"dims":[1,1],"data":[-0.36150907703455576]}]}