{"andW0":[{"dims":[3,2],"data":[-0.01019028420255657,0.0777304478160821,-0.03990884006529276,0.20231579758211785,0.13567755429488657,-0.10245582573810769]}],"andW1":[{"dims":[1,3],"data":[-0.05299488610227853,-0.10247065912645217,-0.050993567178639225]}],"andb0":[{"dims":[3,1],"data":[-0.04024245778817642,-0.019450961057017355,-0.09471677172450328]}],"andb1":[{"dims":[1,1],"data":[-0.009140665261023362]}],"orW0":[{"dims":[3,2],"data":[0.05372635281017191,-0.19242510763717957,0.06622898849391276,-0.09451162189047528,0.2892544748706292,0.06232549565823149]}],"orW1":[{"dims":[1,3],"data":[0.23941657635788988,0.005895265271379446,0.13088501867137556]}],"orb0":[{"dims":[3,1],"data":[0.20432781715998227,0.13292723819453034,-0.192296171772765]}],"orb1":[{"dims":[1,1],"data":[0.06842746744146366]}],"notW0":[{"dims":[3,1],"data":[-0.17571988777535494,0.03847196835372376,0.10956388820132958]}],"notW1":[{"dims":[1,3],"data":[0.002349471646339964,0.09458197130668336,0.01398311568999423]}],"notb0":[{"dims":[3,1],"data":[0.029875646027426928,-0.07284407787040724,0.0436684627948535]}],"notb1":[{"dims":[1,1],"data":[0.24929569038685076]}]}