{"trueResult":{"probs":[0.056660089154322336,0.05666008915432231,0.020686596120519898,0.1534485100841477,0.056660089154322336,0.05666008915432231,0.020686596120519898,0.1534485100841477,0.07423664944950453,0.07423664944950453,0.03232480643399373,0.031746610153685004,0.07423664944950453,0.07423664944950453,0.03232480643399373,0.031746610153685004],"support":["Who is a doctor","Who is a teacher","Who is a doctor and a teacher","Who is a doctor or a teacher","Who isn't a doctor","Who isn't a teacher","Who isn't a doctor and a teacher","Who isn't a doctor or a teacher","What is John","What is Mary","What are John and Mary","What is John or Mary","What isn't John","What isn't Mary","What aren't John and Mary","What isn't John or Mary"]},"learnedResult":{"probs":[0.101988592865578,0.10263939110096418,0.03804335864455255,0.03656595534670305,0.07155621405400815,0.0716684735567461,0.03609816475777972,0.03598839138568248,0.10687301015046545,0.10770074044708283,0.03793264575642109,0.036218542449603895,0.07229225204037867,0.07241562959179879,0.036089513469220326,0.035929124383014564],"support":["Who is a doctor","Who is a teacher","Who is a doctor and a teacher","Who is a doctor or a teacher","Who isn't a doctor","Who isn't a teacher","Who isn't a doctor and a teacher","Who isn't a doctor or a teacher","What is John","What is Mary","What are John and Mary","What is John or Mary","What isn't John","What isn't Mary","What aren't John and Mary","What isn't John or Mary"]},"KLDivergence":0.25727557777185933}