{"trueResult":{"probs":[0.019508918805434698,0.2292142058105759,0.02689844941838866,0.026361758948273424,0.019508918805434698,0.2292142058105759,0.02689844941838866,0.026361758948273424,0.06440286750063225,0.06440286750063225,0.03505845891035562,0.03415247310570716,0.06440286750063225,0.06440286750063225,0.03505845891035562,0.03415247310570716],"support":["Who is a doctor","Who is a teacher","Who is a doctor and a teacher","Who is a doctor or a teacher","Who isn't a doctor","Who isn't a teacher","Who isn't a doctor and a teacher","Who isn't a doctor or a teacher","What is John","What is Mary","What are John and Mary","What is John or Mary","What isn't John","What isn't Mary","What aren't John and Mary","What isn't John or Mary"]},"learnedResult":{"probs":[0.06984125031827158,0.14382468801280326,0.03832969894959167,0.038329690854154184,0.06984125031827158,0.06984125372845312,0.03832969085402336,0.0383296908540231,0.10016865783350415,0.10016285443913873,0.03832969722888242,0.03832969085411175,0.06984125202358901,0.06984125202313568,0.03832969085402329,0.03832969085402309],"support":["Who is a doctor","Who is a teacher","Who is a doctor and a teacher","Who is a doctor or a teacher","Who isn't a doctor","Who isn't a teacher","Who isn't a doctor and a teacher","Who isn't a doctor or a teacher","What is John","What is Mary","What are John and Mary","What is John or Mary","What isn't John","What isn't Mary","What aren't John and Mary","What isn't John or Mary"]},"KLDivergence":0.2092165923929458}