{"andW0":[{"dims":[3,2],"data":[0.9149289454267164,0.9110420458008244,0.8745609496724969,0.762945361690415,-0.8782679793140246,-0.9023514763340247]}],"andW1":[{"dims":[1,3],"data":[1.0376625725641826,1.1175294154978543,-1.0631233615401865]}],"andb0":[{"dims":[3,1],"data":[-1.0847899168336694,-0.9587227221893615,1.0551269747100893]}],"andb1":[{"dims":[1,1],"data":[-1.0025113628675533]}],"orW0":[{"dims":[3,2],"data":[-0.6030228544302426,-0.5597671841334896,0.6300877672551222,0.7272480291186023,0.5124712344629337,0.6148272146690706]}],"orW1":[{"dims":[1,3],"data":[-0.8747518038798988,0.7682931447948999,0.9802784180835016]}],"orb0":[{"dims":[3,1],"data":[0.28534251380030384,-0.3555372542108812,-0.27729146513472797]}],"orb1":[{"dims":[1,1],"data":[-0.242752730306874]}],"notW0":[{"dims":[3,1],"data":[-1.1346629869664413,1.1152889790437226,1.031495710627852]}],"notW1":[{"dims":[1,3],"data":[1.1377716778464768,-1.1568544711393554,-1.266937521400356]}],"notb0":[{"dims":[3,1],"data":[0.4828546430358115,-0.4725445380076258,-0.4290738052658593]}],"notb1":[{"dims":[1,1],"data":[-0.17088907635752615]}]}