{"andW0":[{"dims":[3,2],"data":[-0.20829932766283063,-0.3212942583485704,0.24974301571077334,0.24033098185893467,0.04448367818950592,-0.23215379296032596]}],"andW1":[{"dims":[1,3],"data":[-0.16118763212225065,0.1828503010481266,-0.14809496329698477]}],"andb0":[{"dims":[3,1],"data":[0.21310565485768054,-0.07637228032184687,0.18715669395146084]}],"andb1":[{"dims":[1,1],"data":[-0.014536123710889103]}],"orW0":[{"dims":[3,2],"data":[0.18012385127208963,0.09029500478402162,0.02886766732324289,-0.22999734862584476,-0.015149287434594379,-0.10754632278077936]}],"orW1":[{"dims":[1,3],"data":[0.20266629538469663,-0.06321876416833677,-0.0995598389097234]}],"orb0":[{"dims":[3,1],"data":[-0.034290322855599194,-0.015310149788888441,0.09473250652279921]}],"orb1":[{"dims":[1,1],"data":[-0.04223573289957436]}],"notW0":[{"dims":[3,1],"data":[0.21972966937612498,0.1041855883602946,-0.2086149103932804]}],"notW1":[{"dims":[1,3],"data":[-0.34510227302160823,-0.2295749850345348,0.20939769594204682]}],"notb0":[{"dims":[3,1],"data":[0.03164341136732815,0.2483108151169851,-0.045576266163196995]}],"notb1":[{"dims":[1,1],"data":[-0.07579738605337794]}]}