{"trueResult":{"probs":[0.07056451151225795,0.07056451151225793,0.03198790362966697,0.0317709209082792,0.07056451151225795,0.07056451151225793,0.03198790362966697,0.0317709209082792,0.056019550372890525,0.056019550372890525,0.16243769311668096,0.02063535857507579,0.056019550372890525,0.056019550372890525,0.16243769311668096,0.02063535857507579],"support":["Who is a doctor","Who is a teacher","Who is a doctor and a teacher","Who is a doctor or a teacher","Who isn't a doctor","Who isn't a teacher","Who isn't a doctor and a teacher","Who isn't a doctor or a teacher","What is John","What is Mary","What are John and Mary","What is John or Mary","What isn't John","What isn't Mary","What aren't John and Mary","What isn't John or Mary"]},"learnedResult":{"probs":[0.09925029592207814,0.09961132226018027,0.039448149520019266,0.03758293465669993,0.07431071606385094,0.07440138675907672,0.037575150437909675,0.03735286020297084,0.09761680383556097,0.09803045623539769,0.043915129273814996,0.037773200354625065,0.07380557861268912,0.07388024190943904,0.038065884399772675,0.03737988955591474],"support":["Who is a doctor","Who is a teacher","Who is a doctor and a teacher","Who is a doctor or a teacher","Who isn't a doctor","Who isn't a teacher","Who isn't a doctor and a teacher","Who isn't a doctor or a teacher","What is John","What is Mary","What are John and Mary","What is John or Mary","What isn't John","What isn't Mary","What aren't John and Mary","What isn't John or Mary"]},"KLDivergence":0.25190502421432814}