{"trueResult":{"probs":[0.07314497016363104,0.07314497016363104,0.03248027289420872,0.031733907142317455,0.07314497016363104,0.07314497016363104,0.03248027289420872,0.031733907142317455,0.05698246399509907,0.05698246399509907,0.020735222917302933,0.15479572872871053,0.05698246399509907,0.05698246399509907,0.020735222917302933,0.15479572872871053],"support":["Who is a doctor","Who is a teacher","Who is a doctor and a teacher","Who is a doctor or a teacher","Who isn't a doctor","Who isn't a teacher","Who isn't a doctor and a teacher","Who isn't a doctor or a teacher","What is John","What is Mary","What are John and Mary","What is John or Mary","What isn't John","What isn't Mary","What aren't John and Mary","What isn't John or Mary"]},"learnedResult":{"probs":[0.1150830531629859,0.11540396447429557,0.03869278943671018,0.033838235091698435,0.07368302577146688,0.0737911021213335,0.034427911347697404,0.033670393229782505,0.09942923726132032,0.09994589264639099,0.03760176899043989,0.034065726354228235,0.07112636454216748,0.07131061118887758,0.034187575968338636,0.033742348412266435],"support":["Who is a doctor","Who is a teacher","Who is a doctor and a teacher","Who is a doctor or a teacher","Who isn't a doctor","Who isn't a teacher","Who isn't a doctor and a teacher","Who isn't a doctor or a teacher","What is John","What is Mary","What are John and Mary","What is John or Mary","What isn't John","What isn't Mary","What aren't John and Mary","What isn't John or Mary"]},"KLDivergence":0.2790987463085345}