{"trueResult":{"probs":[0.06327111734353735,0.0632711173435373,0.034279269305067944,0.03340485038853081,0.06327111734353735,0.0632711173435373,0.034279269305067944,0.03340485038853081,0.019306471141005675,0.2335112339276271,0.02673579184995846,0.026220148700735305,0.019306471141005675,0.2335112339276271,0.02673579184995846,0.026220148700735305],"support":["Who is a doctor","Who is a teacher","Who is a doctor and a teacher","Who is a doctor or a teacher","Who isn't a doctor","Who isn't a teacher","Who isn't a doctor and a teacher","Who isn't a doctor or a teacher","What is John","What is Mary","What are John and Mary","What is John or Mary","What isn't John","What isn't Mary","What aren't John and Mary","What isn't John or Mary"]},"learnedResult":{"probs":[0.10916296874189918,0.1088924354423579,0.03380985608625149,0.029808293536653614,0.06655506892756276,0.06642787036759669,0.03008172619176526,0.02941237936643723,0.05335813674305236,0.21436563642331322,0.03284276391574035,0.02995241428597294,0.05335813674305236,0.08262640152643752,0.029902451448920626,0.029443460252986237],"support":["Who is a doctor","Who is a teacher","Who is a doctor and a teacher","Who is a doctor or a teacher","Who isn't a doctor","Who isn't a teacher","Who isn't a doctor and a teacher","Who isn't a doctor or a teacher","What is John","What is Mary","What are John and Mary","What is John or Mary","What isn't John","What isn't Mary","What aren't John and Mary","What isn't John or Mary"]},"KLDivergence":0.14616001571342896}