{"andW0":[{"dims":[3,2],"data":[-0.0912010344550557,-0.22810550211752573,-0.14508794344065665,-0.06891834855725475,0.10482786461259952,0.3240716790248065]}],"andW1":[{"dims":[1,3],"data":[-0.09506212240890884,-0.19374026791685897,0.1323823596406083]}],"andb0":[{"dims":[3,1],"data":[0.06351466312431873,0.10787941122790144,-0.20918901970724377]}],"andb1":[{"dims":[1,1],"data":[-0.11315591166418879]}],"orW0":[{"dims":[3,2],"data":[0.06404966579366285,0.16808090890290786,-0.016843804899068518,-0.12548385035984283,-0.04794099630588106,-0.13090437203589358]}],"orW1":[{"dims":[1,3],"data":[0.1114485166217996,-0.15251999367054098,-0.1471124315089538]}],"orb0":[{"dims":[3,1],"data":[-0.09326975624502076,0.14590514120802747,-0.00650959996350231]}],"orb1":[{"dims":[1,1],"data":[0.056434568838135274]}],"notW0":[{"dims":[3,1],"data":[0.16075394212782587,0.19773206194310514,-0.2089154379042535]}],"notW1":[{"dims":[1,3],"data":[-0.21589638233733888,-0.13591782637734726,0.144179103890749]}],"notb0":[{"dims":[3,1],"data":[0.05109217361003358,0.03056901396188583,0.0025911062686764293]}],"notb1":[{"dims":[1,1],"data":[-0.056607567893192774]}]}