{"trueResult":{"probs":[0.0553029777733234,0.0553029777733234,0.11193898402434184,0.014327108400507904,0.0553029777733234,0.0553029777733234,0.11193898402434184,0.014327108400507904,0.08957536903888999,0.08957536903889003,0.04190386107046416,0.04207335288025932,0.08957536903888999,0.08957536903889003,0.04190386107046416,0.04207335288025932],"support":["Who is a doctor","Who is a teacher","Who is a doctor and a teacher","Who is a doctor or a teacher","Who isn't a doctor","Who isn't a teacher","Who isn't a doctor and a teacher","Who isn't a doctor or a teacher","What is John","What is Mary","What are John and Mary","What is John or Mary","What isn't John","What isn't Mary","What aren't John and Mary","What isn't John or Mary"]},"learnedResult":{"probs":[0.08043675841823811,0.08043406742616004,0.027773389051194423,0.02777338904297674,0.06831151409648968,0.06831151409648958,0.02777338904241513,0.02777338904241513,0.10229446925563031,0.10227066528755586,0.05060641434158419,0.05060641432543319,0.09221089896196474,0.0922108989619643,0.050606414324744345,0.050606414324744345],"support":["Who is a doctor","Who is a teacher","Who is a doctor and a teacher","Who is a doctor or a teacher","Who isn't a doctor","Who isn't a teacher","Who isn't a doctor and a teacher","Who isn't a doctor or a teacher","What is John","What is Mary","What are John and Mary","What is John or Mary","What isn't John","What isn't Mary","What aren't John and Mary","What isn't John or Mary"]},"KLDivergence":0.16797502156151997}