{"andW0":[{"dims":[3,2],"data":[0.2878949994531359,0.2121892043273603,-0.1884005434752598,-0.40276571511340936,0.3088860483508773,0.1143482760361605]}],"andW1":[{"dims":[1,3],"data":[0.18204524162749194,-0.2711639423217388,0.2330791683475365]}],"andb0":[{"dims":[3,1],"data":[-0.3617309323706405,0.12315963168285071,-0.29184204002440123]}],"andb1":[{"dims":[1,1],"data":[-0.1716249929829916]}],"orW0":[{"dims":[3,2],"data":[-0.024840383665966095,0.07847229011942673,-0.08114094646235191,-0.07049927139994103,-0.16999742227471504,-0.07903657693484639]}],"orW1":[{"dims":[1,3],"data":[0.21147524081166966,-0.060866143330231964,-0.09806112675574762]}],"orb0":[{"dims":[3,1],"data":[-0.11888339020375915,0.09349573896139042,0.042406853546889514]}],"orb1":[{"dims":[1,1],"data":[-0.06923156159812711]}],"notW0":[{"dims":[3,1],"data":[0.12426838927472643,-0.2933678399476867,0.13516675513871876]}],"notW1":[{"dims":[1,3],"data":[-0.17184911525500327,0.12734237384950575,-0.23252633462651984]}],"notb0":[{"dims":[3,1],"data":[0.08332265493759852,0.0815960896860659,0.05744904990954648]}],"notb1":[{"dims":[1,1],"data":[-0.11277039060138624]}]}