{"andW0":[{"dims":[3,2],"data":[-0.16690222944513297,-0.0963394917915022,0.1850384500903479,0.19275326345195168,-0.009529126347087006,-0.01601835569863286]}],"andW1":[{"dims":[1,3],"data":[-0.30335749029752357,0.3502465829872005,0.0009863236303997726]}],"andb0":[{"dims":[3,1],"data":[0.2547838844739603,-0.09427471964494129,-0.05955531799571438]}],"andb1":[{"dims":[1,1],"data":[-0.19635934153997422]}],"orW0":[{"dims":[3,2],"data":[-0.020027791591361813,-0.09347204615998253,0.08571747537224551,0.05966904816466983,-0.10689575742847346,-0.09413528148391624]}],"orW1":[{"dims":[1,3],"data":[-0.10678916680073613,0.14429630551022943,-0.037779048259331496]}],"orb0":[{"dims":[3,1],"data":[-0.05650035447418563,-0.037668123138023056,0.042477467617781546]}],"orb1":[{"dims":[1,1],"data":[-0.11111211088044029]}],"notW0":[{"dims":[3,1],"data":[-0.09881006552317834,-0.10893121707779391,-0.1261836011423111]}],"notW1":[{"dims":[1,3],"data":[0.0693516044737311,0.1702048672964499,0.2107944523523227]}],"notb0":[{"dims":[3,1],"data":[-0.030960468055370866,-0.041601029047486617,-0.016542734718407878]}],"notb1":[{"dims":[1,1],"data":[-0.2254599234179259]}]}