{"trueResult":{"probs":[0.07056451151225795,0.07056451151225793,0.03198790362966697,0.0317709209082792,0.07056451151225795,0.07056451151225793,0.03198790362966697,0.0317709209082792,0.056019550372890525,0.056019550372890525,0.16243769311668096,0.02063535857507579,0.056019550372890525,0.056019550372890525,0.16243769311668096,0.02063535857507579],"support":["Who is a doctor","Who is a teacher","Who is a doctor and a teacher","Who is a doctor or a teacher","Who isn't a doctor","Who isn't a teacher","Who isn't a doctor and a teacher","Who isn't a doctor or a teacher","What is John","What is Mary","What are John and Mary","What is John or Mary","What isn't John","What isn't Mary","What aren't John and Mary","What isn't John or Mary"]},"learnedResult":{"probs":[0.08549319636257813,0.08551193718118236,0.04235760580992194,0.042357605665278214,0.07718058957156865,0.07718058957165197,0.042357605585644796,0.042357605585644796,0.09070389644868185,0.09070776610757814,0.04235760601353024,0.04235760576912337,0.07718058957814333,0.0771805895781826,0.042357605585644796,0.042357605585644796],"support":["Who is a doctor","Who is a teacher","Who is a doctor and a teacher","Who is a doctor or a teacher","Who isn't a doctor","Who isn't a teacher","Who isn't a doctor and a teacher","Who isn't a doctor or a teacher","What is John","What is Mary","What are John and Mary","What is John or Mary","What isn't John","What isn't Mary","What aren't John and Mary","What isn't John or Mary"]},"KLDivergence":0.24111827592950189}