{"andW0":[{"dims":[3,2],"data":[-0.04720352936448935,0.03235146979707227,0.11186495260763105,-0.13197837263067116,-0.020002287941061417,0.13517234056665334]}],"andW1":[{"dims":[1,3],"data":[-0.007477228938912441,0.1052632508348683,-0.03176568906017326]}],"andb0":[{"dims":[3,1],"data":[-0.06902030043083228,-0.1354700110478993,0.10904834380193558]}],"andb1":[{"dims":[1,1],"data":[-0.02830523738957682]}],"orW0":[{"dims":[3,2],"data":[-0.14781529574209054,0.06582939599702904,-0.12787984347034217,-0.016673000337739472,-0.08545493514806818,0.11071892340600188]}],"orW1":[{"dims":[1,3],"data":[-0.06891800018386088,-0.1257386401804201,0.12756527420779915]}],"orb0":[{"dims":[3,1],"data":[-0.056507799824582684,-0.07473249678880126,0.03993253977568158]}],"orb1":[{"dims":[1,1],"data":[-0.026065797838388555]}],"notW0":[{"dims":[3,1],"data":[-0.04184681791768626,0.01506332294706004,-0.11706456227454305]}],"notW1":[{"dims":[1,3],"data":[-0.12603604423681677,-0.0749168719430316,0.05248436662903726]}],"notb0":[{"dims":[3,1],"data":[0.020658950301946633,-0.08919477207944654,0.030019274616598823]}],"notb1":[{"dims":[1,1],"data":[0.08962786919804708]}]}