{"andW0":[{"dims":[3,2],"data":[-0.37222357782865223,-0.3056732171159102,-0.35148766495133565,-0.1978258158613488,-0.4263652013015261,-0.30611476830495205]}],"andW1":[{"dims":[1,3],"data":[-0.4275275427694696,-0.335955090558753,-0.2744033252085584]}],"andb0":[{"dims":[3,1],"data":[0.34546592426769673,0.1510528975793102,0.31831785870959006]}],"andb1":[{"dims":[1,1],"data":[-0.27475973535262666]}],"orW0":[{"dims":[3,2],"data":[-0.053346949909047675,-0.06384525315247964,-0.02332946990662828,-0.17273349920909353,0.1650212915789241,0.1543326793152474]}],"orW1":[{"dims":[1,3],"data":[0.03384408078203888,0.04108571702675923,0.2923879370306156]}],"orb0":[{"dims":[3,1],"data":[0.21926559955594951,-0.0749209502413574,-0.12424037870567946]}],"orb1":[{"dims":[1,1],"data":[-0.0282276272045637]}],"notW0":[{"dims":[3,1],"data":[0.13386502847122467,-0.0930215777079019,0.21804619073996992]}],"notW1":[{"dims":[1,3],"data":[-0.15212460712657191,0.41294159661789903,-0.26410224012039935]}],"notb0":[{"dims":[3,1],"data":[0.05320866757676885,-0.10010078151405036,-0.050086816958623215]}],"notb1":[{"dims":[1,1],"data":[-0.1165968727894324]}]}