{"andW0":[{"dims":[3,2],"data":[0.3953393540583021,0.2478241852097381,0.3614663390589658,0.31554590246725606,-0.5114315388519988,-0.2916865548290432]}],"andW1":[{"dims":[1,3],"data":[0.5263735635630681,0.48764653197351415,-0.36471184551019054]}],"andb0":[{"dims":[3,1],"data":[-0.33474744643012727,-0.38945116697704585,0.4949164478624953]}],"andb1":[{"dims":[1,1],"data":[-0.44766524593950857]}],"orW0":[{"dims":[3,2],"data":[0.19132240390531147,0.23750075941228493,0.05447116514022265,0.11937873022990836,0.2076468048214436,-0.07646866073396642]}],"orW1":[{"dims":[1,3],"data":[0.3166401977766043,0.12757555723866087,0.2276851623578846]}],"orb0":[{"dims":[3,1],"data":[-0.0032532436214134743,-0.21743292970822534,-0.14623834269217514]}],"orb1":[{"dims":[1,1],"data":[-0.01234600105209245]}],"notW0":[{"dims":[3,1],"data":[0.25203096914518897,-0.24962372142253245,0.24817245380444644]}],"notW1":[{"dims":[1,3],"data":[-0.24695774422926145,0.10223418352250661,-0.2512129618202832]}],"notb0":[{"dims":[3,1],"data":[-0.03900387507859504,0.03297319053553701,-0.03554187638075678]}],"notb1":[{"dims":[1,1],"data":[-0.17780444370849555]}]}