{"andW0":[{"dims":[3,2],"data":[-1.0028053614466108,-1.0117594296531347,0.8958645006939586,0.9573272028432168,0.9530163742139327,0.8119753438991885]}],"andW1":[{"dims":[1,3],"data":[-1.095915560576094,1.146075268668121,1.301096397997721]}],"andb0":[{"dims":[3,1],"data":[1.2881430431989866,-1.140272156183032,-1.195915839263773]}],"andb1":[{"dims":[1,1],"data":[-1.1330593267433766]}],"orW0":[{"dims":[3,2],"data":[-0.9195111099242499,-0.9102335681351298,-0.7668410219060953,-0.714964287881605,-0.9041500351185807,-0.9597163483993425]}],"orW1":[{"dims":[1,3],"data":[-0.8782681926537207,-0.9765197638219882,-0.8149853422740376]}],"orb0":[{"dims":[3,1],"data":[0.40434632554172945,0.3081687177783201,0.41202046003821313]}],"orb1":[{"dims":[1,1],"data":[-0.32047116414121213]}],"notW0":[{"dims":[3,1],"data":[-1.0169469547147287,0.9168747382186899,1.077119371876115]}],"notW1":[{"dims":[1,3],"data":[1.1904723793159846,-1.219880711247135,-1.122508506360291]}],"notb0":[{"dims":[3,1],"data":[0.5145574581030735,-0.4332589031555706,-0.54654663929855]}],"notb1":[{"dims":[1,1],"data":[-0.39098802311185515]}]}