{"andW0":[{"dims":[3,2],"data":[0.5675413400654679,0.48841501914156765,0.40218414312764106,0.18346096035254605,-0.468523352378226,-0.5072793513983604]}],"andW1":[{"dims":[1,3],"data":[0.4240799280915477,0.6340326351092027,-0.4431295985308188]}],"andb0":[{"dims":[3,1],"data":[-0.39490447817650354,-0.5748639801003533,0.6412910305384097]}],"andb1":[{"dims":[1,1],"data":[-0.4641529957406383]}],"orW0":[{"dims":[3,2],"data":[0.13812896176796732,-0.11287897929500648,-0.002305657285280944,-0.1032405562088738,-0.21518958299996993,0.09843489713887837]}],"orW1":[{"dims":[1,3],"data":[0.23032509425398792,0.19286737223363443,-0.37195117499351416]}],"orb0":[{"dims":[3,1],"data":[-0.15611080668065527,-0.13021451356140273,0.10580263514199835]}],"orb1":[{"dims":[1,1],"data":[-0.10023247701283455]}],"notW0":[{"dims":[3,1],"data":[-0.07448385557008773,-0.24107474925214087,-0.41235155623929964]}],"notW1":[{"dims":[1,3],"data":[0.09939415550779879,0.3749825778053865,0.31399777108198257]}],"notb0":[{"dims":[3,1],"data":[-0.3863766643888501,-0.044881246725718166,0.10791789074622483]}],"notb1":[{"dims":[1,1],"data":[-0.10107533779708554]}]}