{"andW0":[{"dims":[3,2],"data":[-0.18284436788308542,-0.1211104624551293,-0.0420431672448471,-0.03469538361080977,-0.10445897806726338,0.11545503161811597]}],"andW1":[{"dims":[1,3],"data":[-0.04147057109856442,-0.08353327658553683,-0.05703621929373832]}],"andb0":[{"dims":[3,1],"data":[0.1147162990919175,-0.012741894057322244,0.07883781093424812]}],"andb1":[{"dims":[1,1],"data":[-0.02016666039702002]}],"orW0":[{"dims":[3,2],"data":[-0.09790038986019454,-0.2893389071466235,-0.07863240567113457,-0.09938241998645539,0.14564847635163322,0.08184281843940554]}],"orW1":[{"dims":[1,3],"data":[0.036272381243583944,-0.13419007698678692,0.1864587300539497]}],"orb0":[{"dims":[3,1],"data":[-0.013296988591524079,-0.19938521684111601,0.040399232516123394]}],"orb1":[{"dims":[1,1],"data":[0.1698115754244325]}],"notW0":[{"dims":[3,1],"data":[0.1398492838043164,0.005400026922655096,-0.003488634450895265]}],"notW1":[{"dims":[1,3],"data":[-0.037463455037923934,0.014943016586935092,-0.046620485560709565]}],"notb0":[{"dims":[3,1],"data":[0.13649159993599827,0.001754085132264432,-0.019601386028302692]}],"notb1":[{"dims":[1,1],"data":[0.14739504928974656]}]}