{"andW0":[{"dims":[3,2],"data":[0.2864365474542742,0.5708796462871678,-0.2908506666880013,-0.6091917489923233,0.430999931180544,0.29697879256289633]}],"andW1":[{"dims":[1,3],"data":[0.4749606287094016,-0.37529795161882645,0.5008145929755031]}],"andb0":[{"dims":[3,1],"data":[-0.3398565347407756,0.5734645653901254,-0.4153615020496342]}],"andb1":[{"dims":[1,1],"data":[-0.41808990369868665]}],"orW0":[{"dims":[3,2],"data":[0.07061554670867895,0.3859305361636836,-0.17425123023682101,-0.4306492409883679,-0.32450661847373563,-0.4656771839865321]}],"orW1":[{"dims":[1,3],"data":[0.3764962426732819,-0.2855860003390693,-0.3686067098432031]}],"orb0":[{"dims":[3,1],"data":[-0.22492837106002367,0.1902189222210542,0.3573386319907878]}],"orb1":[{"dims":[1,1],"data":[-0.1642814315717771]}],"notW0":[{"dims":[3,1],"data":[0.36642167143846105,0.28302840616585134,-0.34349756827567124]}],"notW1":[{"dims":[1,3],"data":[-0.43902986117995535,-0.2983958783978829,0.623098756769733]}],"notb0":[{"dims":[3,1],"data":[-0.029892977154132173,0.08290949681243731,0.013437581149069684]}],"notb1":[{"dims":[1,1],"data":[-0.4693672070958554]}]}