{"orW0":[{"dims":[3,2],"data":[0.7728963531758197,-0.8476877115002821,-0.8523283113902609,0.8791115002060909,-0.8495153370615836,0.8055860223147073]}],"orW1":[{"dims":[1,3],"data":[0.9671620522292412,-1.0875469840495062,-1.0449775419391123]}],"orb0":[{"dims":[3,1],"data":[-0.02871135501655653,0.06487036098430943,0.11076471540702489]}],"orb1":[{"dims":[1,1],"data":[-0.438050833682063]}]}