{"trueResult":{"probs":[0.05561319640979196,0.05561319640979191,0.16119021963607344,0.020560500179419624,0.05561319640979196,0.05561319640979191,0.16119021963607344,0.020560500179419624,0.07171132446625784,0.07171132446625784,0.031954853337267324,0.03164538509514016,0.07171132446625784,0.07171132446625784,0.031954853337267324,0.03164538509514016],"support":["Who is a doctor","Who is a teacher","Who is a doctor and a teacher","Who is a doctor or a teacher","Who isn't a doctor","Who isn't a teacher","Who isn't a doctor and a teacher","Who isn't a doctor or a teacher","What is John","What is Mary","What are John and Mary","What is John or Mary","What isn't John","What isn't Mary","What aren't John and Mary","What isn't John or Mary"]},"learnedResult":{"probs":[0.09070389558580398,0.09070776697552016,0.04235760601698826,0.04235760577258143,0.07718058958444428,0.07718058958448364,0.042357605589102836,0.042357605589102836,0.08549319947992566,0.08551193400590242,0.042357605813380036,0.042357605668736246,0.07718058957786965,0.07718058957795294,0.042357605589102836,0.042357605589102836],"support":["Who is a doctor","Who is a teacher","Who is a doctor and a teacher","Who is a doctor or a teacher","Who isn't a doctor","Who isn't a teacher","Who isn't a doctor and a teacher","Who isn't a doctor or a teacher","What is John","What is Mary","What are John and Mary","What is John or Mary","What isn't John","What isn't Mary","What aren't John and Mary","What isn't John or Mary"]},"KLDivergence":0.238022644657175}