{"trueResult":{"probs":[0.18917942805723165,0.11934484609349161,0.10826208620612561,0.10819282712209102,0.17117662522882512,0.10798768239513391,0.09795958655393716,0.09789691834316368],"support":["Who is a doctor","Who is a teacher","Who is a doctor and a teacher","Who is a doctor or a teacher","Who is not a doctor","Who is not a teacher","Who is not a doctor and a teacher","Who is not a doctor or a teacher"]},"learnedResult":{"probs":[0.18917942805723165,0.11934484609349161,0.10826208620612561,0.10819282712209102,0.17117662522882512,0.10798768239513391,0.09795958655393716,0.09789691834316368],"support":["Who is a doctor","Who is a teacher","Who is a doctor and a teacher","Who is a doctor or a teacher","Who is not a doctor","Who is not a teacher","Who is not a doctor and a teacher","Who is not a doctor or a teacher"]},"KLDivergence":0}