{"trueResult":{"probs":[0.056660089154322336,0.05666008915432231,0.020686596120519898,0.1534485100841477,0.056660089154322336,0.05666008915432231,0.020686596120519898,0.1534485100841477,0.07423664944950453,0.07423664944950453,0.03232480643399373,0.031746610153685004,0.07423664944950453,0.07423664944950453,0.03232480643399373,0.031746610153685004],"support":["Who is a doctor","Who is a teacher","Who is a doctor and a teacher","Who is a doctor or a teacher","Who isn't a doctor","Who isn't a teacher","Who isn't a doctor and a teacher","Who isn't a doctor or a teacher","What is John","What is Mary","What are John and Mary","What is John or Mary","What isn't John","What isn't Mary","What aren't John and Mary","What isn't John or Mary"]},"learnedResult":{"probs":[0.1033739616403266,0.10362929624140198,0.03787555135512857,0.03490608897752067,0.07408994525276356,0.0741965590706717,0.03515794847218116,0.03474772186880894,0.1039234452791854,0.10441435416178496,0.03849472079804002,0.03479586624277416,0.07506600263766024,0.07530826659012935,0.035311585064915864,0.0347086863467065],"support":["Who is a doctor","Who is a teacher","Who is a doctor and a teacher","Who is a doctor or a teacher","Who isn't a doctor","Who isn't a teacher","Who isn't a doctor and a teacher","Who isn't a doctor or a teacher","What is John","What is Mary","What are John and Mary","What is John or Mary","What isn't John","What isn't Mary","What aren't John and Mary","What isn't John or Mary"]},"KLDivergence":0.26645451497266903}