{"trueResult":{"probs":[0.06196078866895042,0.06196078866895042,0.01920304585007328,0.018550761941435356,0.06196078866895042,0.06196078866895042,0.01920304585007328,0.018550761941435356,0.06025148905913095,0.06025148905913097,0.19519991087412228,0.02262172587820624,0.06025148905913095,0.06025148905913097,0.19519991087412228,0.02262172587820624],"support":["Who is a doctor","Who is a teacher","Who is a doctor and a teacher","Who is a doctor or a teacher","Who isn't a doctor","Who isn't a teacher","Who isn't a doctor and a teacher","Who isn't a doctor or a teacher","What is John","What is Mary","What are John and Mary","What is John or Mary","What isn't John","What isn't Mary","What aren't John and Mary","What isn't John or Mary"]},"learnedResult":{"probs":[0.07637681918747695,0.07687129229059544,0.027540318582088583,0.027540073355517874,0.06773646197747821,0.06773647482238893,0.02753934054655959,0.02753934054293002,0.10840200365034323,0.10912400479222548,0.050182213187620124,0.05018235524880007,0.09143469018838528,0.09143471128678173,0.05017995016829905,0.05017995017250917],"support":["Who is a doctor","Who is a teacher","Who is a doctor and a teacher","Who is a doctor or a teacher","Who isn't a doctor","Who isn't a teacher","Who isn't a doctor and a teacher","Who isn't a doctor or a teacher","What is John","What is Mary","What are John and Mary","What is John or Mary","What isn't John","What isn't Mary","What aren't John and Mary","What isn't John or Mary"]},"KLDivergence":0.3069586634082502}