{"trueResult":{"probs":[0.06690086313386437,0.06690086313386437,0.048054416720859645,0.04774453151048615,0.06690086313386437,0.06690086313386437,0.048054416720859645,0.04774453151048615,0.04866303895830245,0.11171430015994102,0.0552084473489645,0.05481353903371734,0.04866303895830245,0.11171430015994102,0.0552084473489645,0.05481353903371734],"support":["Who is a doctor","Who is a teacher","Who is a doctor and a teacher","Who is a doctor or a teacher","Who isn't a doctor","Who isn't a teacher","Who isn't a doctor and a teacher","Who isn't a doctor or a teacher","What is John","What is Mary","What are John and Mary","What is John or Mary","What isn't John","What isn't Mary","What aren't John and Mary","What isn't John or Mary"]},"learnedResult":{"probs":[0.07255091316077814,0.07255483765142881,0.04758829726842613,0.04758829719571124,0.06423748212288043,0.06423748212289007,0.047588297194350475,0.047588297194350496,0.07099339707322488,0.09058799485168505,0.05812447762835165,0.05812447745203679,0.07099339707322488,0.07099339711200929,0.058124477449325584,0.058124477449325584],"support":["Who is a doctor","Who is a teacher","Who is a doctor and a teacher","Who is a doctor or a teacher","Who isn't a doctor","Who isn't a teacher","Who isn't a doctor and a teacher","Who isn't a doctor or a teacher","What is John","What is Mary","What are John and Mary","What is John or Mary","What isn't John","What isn't Mary","What aren't John and Mary","What isn't John or Mary"]},"KLDivergence":0.021028385440288993}