{"trueResult":{"probs":[0.019508918805434698,0.2292142058105759,0.02689844941838866,0.026361758948273424,0.019508918805434698,0.2292142058105759,0.02689844941838866,0.026361758948273424,0.06440286750063225,0.06440286750063225,0.03505845891035562,0.03415247310570716,0.06440286750063225,0.06440286750063225,0.03505845891035562,0.03415247310570716],"support":["Who is a doctor","Who is a teacher","Who is a doctor and a teacher","Who is a doctor or a teacher","Who isn't a doctor","Who isn't a teacher","Who isn't a doctor and a teacher","Who isn't a doctor or a teacher","What is John","What is Mary","What are John and Mary","What is John or Mary","What isn't John","What isn't Mary","What aren't John and Mary","What isn't John or Mary"]},"learnedResult":{"probs":[0.06936210820146196,0.1468397424148146,0.0380869404808483,0.03806674320688801,0.06936210820146196,0.06936770610497216,0.03806673306511735,0.03806673208557742,0.10096918646008879,0.10079083733500747,0.0380911329619149,0.03806674993072771,0.06936491054589566,0.06936490364877422,0.03806673327050796,0.03806673208594147],"support":["Who is a doctor","Who is a teacher","Who is a doctor and a teacher","Who is a doctor or a teacher","Who isn't a doctor","Who isn't a teacher","Who isn't a doctor and a teacher","Who isn't a doctor or a teacher","What is John","What is Mary","What are John and Mary","What is John or Mary","What isn't John","What isn't Mary","What aren't John and Mary","What isn't John or Mary"]},"KLDivergence":0.20790499589422404}