{"trueResult":{"probs":[0.06748521252124302,0.06748521252124318,0.13211619567646316,0.012121936193866966,0.005554919451368324,0.005554919451368324,0.001851670185543775,0.0012599734209103467,0.06748521252124302,0.009326461381825673,0.049994275062315026,0.006909212526140858,0.20921707158267946,0.016582528806520763,0.020185934351624586,0.0037755326838913193,0.01701582485399935,0.01225412150358997,0.016151355999015654,0.004061070735322122,0.0023556915282240336,0.00907807648830711,0.002138866272301231,0.0010760269783276519,0.0074983569468047954,0.012483331923115354,0.005554919451368324,0.009247879743461588,0.02724816127369147,0.19511068367846293,0.001819364285759849],"support":["John is a doctor","John is a teacher","John is a doctor and a teacher","John is a doctor or a teacher","John is not a doctor","John is not a teacher","John is not a doctor and a teacher","John is not a doctor or a teacher","Mary is a doctor","Mary is a doctor or a teacher","Mary is not a teacher","Mary is not a doctor and a teacher","John and Mary are doctors","John and Mary are doctors or teachers","John and Mary are not teachers","John and Mary are not doctors and teachers","John or Mary is a doctor","John or Mary is a teacher","John or Mary is a doctor and a teacher","John or Mary is a doctor or a teacher","John or Mary is not a doctor","John or Mary is not a teacher","John or Mary is not a doctor and a teacher","John or Mary is not a doctor or a teacher","Mary is a teacher","Mary is a doctor and a teacher","Mary is not a doctor","Mary is not a doctor or a teacher","John and Mary are teachers","John and Mary are doctors and teachers","John and Mary are not doctors"]},"learnedResult":{"probs":[0.06748521252124302,0.06748521252124318,0.13211619567646316,0.012121936193866966,0.005554919451368324,0.005554919451368324,0.001851670185543775,0.0012599734209103467,0.06748521252124302,0.009326461381825673,0.049994275062315026,0.006909212526140858,0.20921707158267946,0.016582528806520763,0.020185934351624586,0.0037755326838913193,0.01701582485399935,0.01225412150358997,0.016151355999015654,0.004061070735322122,0.0023556915282240336,0.00907807648830711,0.002138866272301231,0.0010760269783276519,0.0074983569468047954,0.012483331923115354,0.005554919451368324,0.009247879743461588,0.02724816127369147,0.19511068367846293,0.001819364285759849],"support":["John is a doctor","John is a teacher","John is a doctor and a teacher","John is a doctor or a teacher","John is not a doctor","John is not a teacher","John is not a doctor and a teacher","John is not a doctor or a teacher","Mary is a doctor","Mary is a doctor or a teacher","Mary is not a teacher","Mary is not a doctor and a teacher","John and Mary are doctors","John and Mary are doctors or teachers","John and Mary are not teachers","John and Mary are not doctors and teachers","John or Mary is a doctor","John or Mary is a teacher","John or Mary is a doctor and a teacher","John or Mary is a doctor or a teacher","John or Mary is not a doctor","John or Mary is not a teacher","John or Mary is not a doctor and a teacher","John or Mary is not a doctor or a teacher","Mary is a teacher","Mary is a doctor and a teacher","Mary is not a doctor","Mary is not a doctor or a teacher","John and Mary are teachers","John and Mary are doctors and teachers","John and Mary are not doctors"]},"KLDivergence":0}