{"trueResult":{"probs":[0.060897146588314174,0.02672803266508414,0.06838110524283006,0.008356145904003746,0.0017982729052383297,0.005414430359363787,0.0010950169423543654,0.0005550660860703899,0.060897146588314174,0.02672803266508414,0.06838110524283006,0.008356145904003746,0.2814249445668955,0.05360702495699134,0.2533385906756493,0.0173733476556865,0.012225994057362891,0.008554887863207503,0.016622178525957036,0.0026365187116460117,0.0006816586769060204,0.0026662479656782228,0.000823998276881292,0.00011367994470870107,0.0017982729052383297,0.005414430359363787,0.0010950169423543654,0.0005550660860703899,0.0003207969830707692,0.0001599854388989552,0.0029997123139409217],"support":["John is a doctor","John is a teacher","John is a doctor and a teacher","John is a doctor or a teacher","John is not a doctor","John is not a teacher","John is not a doctor and a teacher","John is not a doctor or a teacher","Mary is a doctor","Mary is a teacher","Mary is a doctor and a teacher","Mary is a doctor or a teacher","John and Mary are doctors","John and Mary are teachers","John and Mary are doctors and teachers","John and Mary are doctors or teachers","John or Mary is a doctor","John or Mary is a teacher","John or Mary is a doctor and a teacher","John or Mary is a doctor or a teacher","John or Mary is not a doctor","John or Mary is not a teacher","John or Mary is not a doctor and a teacher","John or Mary is not a doctor or a teacher","Mary is not a doctor","Mary is not a teacher","Mary is not a doctor and a teacher","Mary is not a doctor or a teacher","John and Mary are not doctors","John and Mary are not doctors and teachers","John and Mary are not teachers"]},"learnedResult":{"probs":[0.060897146588314174,0.02672803266508414,0.06838110524283006,0.008356145904003746,0.0017982729052383297,0.005414430359363787,0.0010950169423543654,0.0005550660860703899,0.060897146588314174,0.02672803266508414,0.06838110524283006,0.008356145904003746,0.2814249445668955,0.05360702495699134,0.2533385906756493,0.0173733476556865,0.012225994057362891,0.008554887863207503,0.016622178525957036,0.0026365187116460117,0.0006816586769060204,0.0026662479656782228,0.000823998276881292,0.00011367994470870107,0.0017982729052383297,0.005414430359363787,0.0010950169423543654,0.0005550660860703899,0.0003207969830707692,0.0001599854388989552,0.0029997123139409217],"support":["John is a doctor","John is a teacher","John is a doctor and a teacher","John is a doctor or a teacher","John is not a doctor","John is not a teacher","John is not a doctor and a teacher","John is not a doctor or a teacher","Mary is a doctor","Mary is a teacher","Mary is a doctor and a teacher","Mary is a doctor or a teacher","John and Mary are doctors","John and Mary are teachers","John and Mary are doctors and teachers","John and Mary are doctors or teachers","John or Mary is a doctor","John or Mary is a teacher","John or Mary is a doctor and a teacher","John or Mary is a doctor or a teacher","John or Mary is not a doctor","John or Mary is not a teacher","John or Mary is not a doctor and a teacher","John or Mary is not a doctor or a teacher","Mary is not a doctor","Mary is not a teacher","Mary is not a doctor and a teacher","Mary is not a doctor or a teacher","John and Mary are not doctors","John and Mary are not doctors and teachers","John and Mary are not teachers"]},"KLDivergence":0}