{"trueResult":{"probs":[0.18410926443284997,0.12459764209010116,0.10812730696939787,0.10814497398659079,0.16658895146591982,0.11274060876217579,0.09783763325737165,0.09785361903559285],"support":["Who is a doctor","Who is a teacher","Who is a doctor and a teacher","Who is a doctor or a teacher","Who is not a doctor","Who is not a teacher","Who is not a doctor and a teacher","Who is not a doctor or a teacher"]},"learnedResult":{"probs":[0.18410926443284997,0.12459764209010116,0.10812730696939787,0.10814497398659079,0.16658895146591982,0.11274060876217579,0.09783763325737165,0.09785361903559285],"support":["Who is a doctor","Who is a teacher","Who is a doctor and a teacher","Who is a doctor or a teacher","Who is not a doctor","Who is not a teacher","Who is not a doctor and a teacher","Who is not a doctor or a teacher"]},"KLDivergence":0}