{"trueResult":{"probs":[0.06751252435289878,0.06751252435289878,0.132860096625314,0.012107532897714211,0.005557167573871749,0.005557167573871739,0.0018566722810374845,0.0012709218103566897,0.06751252435289891,0.009340151386098304,0.05001450816484577,0.006919354330747221,0.20804369360092712,0.016566973493112855,0.0203272446654467,0.0037935560299013587,0.017048775921084718,0.012245696314761478,0.016201179391420226,0.00406271428471792,0.0023509043396002342,0.009071834954910277,0.0021397318894250516,0.0010700489249773851,0.007501391594766515,0.01238975082996886,0.005557167573871739,0.009178553164547371,0.027438910245405467,0.19518964660897395,0.001801080469628536],"support":["John is a doctor","John is a teacher","John is a doctor and a teacher","John is a doctor or a teacher","John is not a doctor","John is not a teacher","John is not a doctor and a teacher","John is not a doctor or a teacher","Mary is a doctor","Mary is a doctor or a teacher","Mary is not a teacher","Mary is not a doctor and a teacher","John and Mary are doctors","John and Mary are doctors or teachers","John and Mary are not teachers","John and Mary are not doctors and teachers","John or Mary is a doctor","John or Mary is a teacher","John or Mary is a doctor and a teacher","John or Mary is a doctor or a teacher","John or Mary is not a doctor","John or Mary is not a teacher","John or Mary is not a doctor and a teacher","John or Mary is not a doctor or a teacher","Mary is a teacher","Mary is a doctor and a teacher","Mary is not a doctor","Mary is not a doctor or a teacher","John and Mary are teachers","John and Mary are doctors and teachers","John and Mary are not doctors"]},"learnedResult":{"probs":[0.06751252435289878,0.06751252435289878,0.132860096625314,0.012107532897714211,0.005557167573871749,0.005557167573871739,0.0018566722810374845,0.0012709218103566897,0.06751252435289891,0.009340151386098304,0.05001450816484577,0.006919354330747221,0.20804369360092712,0.016566973493112855,0.0203272446654467,0.0037935560299013587,0.017048775921084718,0.012245696314761478,0.016201179391420226,0.00406271428471792,0.0023509043396002342,0.009071834954910277,0.0021397318894250516,0.0010700489249773851,0.007501391594766515,0.01238975082996886,0.005557167573871739,0.009178553164547371,0.027438910245405467,0.19518964660897395,0.001801080469628536],"support":["John is a doctor","John is a teacher","John is a doctor and a teacher","John is a doctor or a teacher","John is not a doctor","John is not a teacher","John is not a doctor and a teacher","John is not a doctor or a teacher","Mary is a doctor","Mary is a doctor or a teacher","Mary is not a teacher","Mary is not a doctor and a teacher","John and Mary are doctors","John and Mary are doctors or teachers","John and Mary are not teachers","John and Mary are not doctors and teachers","John or Mary is a doctor","John or Mary is a teacher","John or Mary is a doctor and a teacher","John or Mary is a doctor or a teacher","John or Mary is not a doctor","John or Mary is not a teacher","John or Mary is not a doctor and a teacher","John or Mary is not a doctor or a teacher","Mary is a teacher","Mary is a doctor and a teacher","Mary is not a doctor","Mary is not a doctor or a teacher","John and Mary are teachers","John and Mary are doctors and teachers","John and Mary are not doctors"]},"KLDivergence":0}