{"trueResult":{"probs":[0.12459764209010116,0.18410926443284995,0.10812730696939787,0.10814497398659079,0.11274060876217583,0.1665889514659198,0.09783763325737165,0.09785361903559285],"support":["Who is a doctor","Who is a teacher","Who is a doctor and a teacher","Who is a doctor or a teacher","Who is not a doctor","Who is not a teacher","Who is not a doctor and a teacher","Who is not a doctor or a teacher"]},"learnedResult":{"probs":[0.12459764209010116,0.18410926443284995,0.10812730696939787,0.10814497398659079,0.11274060876217583,0.1665889514659198,0.09783763325737165,0.09785361903559285],"support":["Who is a doctor","Who is a teacher","Who is a doctor and a teacher","Who is a doctor or a teacher","Who is not a doctor","Who is not a teacher","Who is not a doctor and a teacher","Who is not a doctor or a teacher"]},"KLDivergence":0}