{"trueResult":{"probs":[0.14053951259723743,0.16203883639707878,0.111196365254797,0.11120447322982663,0.12716540971051657,0.14661880234708413,0.10061463203213399,0.10062196843132529],"support":["Who is a doctor","Who is a teacher","Who is a doctor and a teacher","Who is a doctor or a teacher","Who is not a doctor","Who is not a teacher","Who is not a doctor and a teacher","Who is not a doctor or a teacher"]},"learnedResult":{"probs":[0.14053951259723743,0.16203883639707878,0.111196365254797,0.11120447322982663,0.12716540971051657,0.14661880234708413,0.10061463203213399,0.10062196843132529],"support":["Who is a doctor","Who is a teacher","Who is a doctor and a teacher","Who is a doctor or a teacher","Who is not a doctor","Who is not a teacher","Who is not a doctor and a teacher","Who is not a doctor or a teacher"]},"KLDivergence":0}