{"andW0":[{"dims":[3,2],"data":[-1.0170921242156357,-1.00863423023981,-0.9999926654639593,-1.2287084642309287,0.9402117609938804,0.9810594789704269]}],"andW1":[{"dims":[1,3],"data":[-1.3373046820399963,-1.395193768181361,1.2926550432961856]}],"andb0":[{"dims":[3,1],"data":[1.307708172809529,1.4280102927763432,-1.2316329603463132]}],"andb1":[{"dims":[1,1],"data":[-1.0786113934272954]}],"orW0":[{"dims":[3,2],"data":[1.005589833251678,1.0660985717177616,-1.1500808281611268,-1.024714874273107,-1.0385102473417462,-1.0169521364585279]}],"orW1":[{"dims":[1,3],"data":[1.4119300507595314,-1.2457012039062108,-1.3785066808816244]}],"orb0":[{"dims":[3,1],"data":[-0.5209385603006368,0.560701195012381,0.5119924918237636]}],"orb1":[{"dims":[1,1],"data":[-0.03029568838873298]}],"notW0":[{"dims":[3,1],"data":[1.335379215002144,1.0143792670178273,0.9325363987039179]}],"notW1":[{"dims":[1,3],"data":[-1.3934469693785672,-1.2323857193307863,-0.8253582495909292]}],"notb0":[{"dims":[3,1],"data":[-0.5930784804491894,-0.4092972356054282,-0.3496170943165285]}],"notb1":[{"dims":[1,1],"data":[-0.15957462616547277]}]}