{"andW0":[{"dims":[3,2],"data":[-0.04976256542929967,0.0893448985819801,-0.2467757253601917,-0.10671919216999555,-0.20324042661934943,0.1000754607900743]}],"andW1":[{"dims":[1,3],"data":[0.12542249318399668,-0.20340126311916212,0.09799043249363813]}],"andb0":[{"dims":[3,1],"data":[-0.1685531767409296,0.012624749533080818,0.028941909238104777]}],"andb1":[{"dims":[1,1],"data":[-0.28395302311230497]}],"orW0":[{"dims":[3,2],"data":[0.05904231633474499,0.20820842868114828,0.045518258024439276,-0.05331656352673263,-0.01450380935603555,0.018177935828300233]}],"orW1":[{"dims":[1,3],"data":[0.05458644522807846,0.007547348228366889,-0.0005320199804430076]}],"orb0":[{"dims":[3,1],"data":[-0.16072697788261553,0.24367808726815093,-0.15913647670488523]}],"orb1":[{"dims":[1,1],"data":[-0.07382446456540283]}],"notW0":[{"dims":[3,1],"data":[-0.09824327390208455,-0.18857893933106848,-0.0888971386588384]}],"notW1":[{"dims":[1,3],"data":[0.05229522108482781,0.12736296766550903,0.06787683790850205]}],"notb0":[{"dims":[3,1],"data":[0.021450792704715147,-0.08971202615083299,-0.10877403385912207]}],"notb1":[{"dims":[1,1],"data":[-0.013705262017678263]}]}