{"trueResult":{"probs":[0.056660089154322336,0.05666008915432231,0.020686596120519898,0.1534485100841477,0.056660089154322336,0.05666008915432231,0.020686596120519898,0.1534485100841477,0.07423664944950453,0.07423664944950453,0.03232480643399373,0.031746610153685004,0.07423664944950453,0.07423664944950453,0.03232480643399373,0.031746610153685004],"support":["Who is a doctor","Who is a teacher","Who is a doctor and a teacher","Who is a doctor or a teacher","Who isn't a doctor","Who isn't a teacher","Who isn't a doctor and a teacher","Who isn't a doctor or a teacher","What is John","What is Mary","What are John and Mary","What is John or Mary","What isn't John","What isn't Mary","What aren't John and Mary","What isn't John or Mary"]},"learnedResult":{"probs":[0.09708431749109535,0.0970198855770169,0.039493587491763335,0.03946373704215468,0.07191019707553208,0.0719101926324513,0.039463450520723725,0.03946344809883425,0.1012982745752259,0.10120462873525779,0.03947779775157747,0.03946357226417181,0.07191000583892955,0.07191000761546389,0.0394634492055097,0.039463448084292134],"support":["Who is a doctor","Who is a teacher","Who is a doctor and a teacher","Who is a doctor or a teacher","Who isn't a doctor","Who isn't a teacher","Who isn't a doctor and a teacher","Who isn't a doctor or a teacher","What is John","What is Mary","What are John and Mary","What is John or Mary","What isn't John","What isn't Mary","What aren't John and Mary","What isn't John or Mary"]},"KLDivergence":0.23394946881223228}