{"trueResult":{"probs":[0.019508918805434698,0.2292142058105759,0.02689844941838866,0.026361758948273424,0.019508918805434698,0.2292142058105759,0.02689844941838866,0.026361758948273424,0.06440286750063225,0.06440286750063225,0.03505845891035562,0.03415247310570716,0.06440286750063225,0.06440286750063225,0.03505845891035562,0.03415247310570716],"support":["Who is a doctor","Who is a teacher","Who is a doctor and a teacher","Who is a doctor or a teacher","Who isn't a doctor","Who isn't a teacher","Who isn't a doctor and a teacher","Who isn't a doctor or a teacher","What is John","What is Mary","What are John and Mary","What is John or Mary","What isn't John","What isn't Mary","What aren't John and Mary","What isn't John or Mary"]},"learnedResult":{"probs":[0.06927021383461264,0.14743709393895565,0.03803070797416212,0.03801630704168895,0.06927021383461264,0.06928687112147014,0.03801630165562359,0.03801629938841058,0.10097695719931171,0.10104358154523707,0.03802946072652041,0.0380163069452705,0.06927853802183764,0.06927854592514375,0.03801630145874813,0.03801629938839483],"support":["Who is a doctor","Who is a teacher","Who is a doctor and a teacher","Who is a doctor or a teacher","Who isn't a doctor","Who isn't a teacher","Who isn't a doctor and a teacher","Who isn't a doctor or a teacher","What is John","What is Mary","What are John and Mary","What is John or Mary","What isn't John","What isn't Mary","What aren't John and Mary","What isn't John or Mary"]},"KLDivergence":0.2076267931754147}