{"trueResult":{"probs":[0.019508918805434698,0.2292142058105759,0.02689844941838866,0.026361758948273424,0.019508918805434698,0.2292142058105759,0.02689844941838866,0.026361758948273424,0.06440286750063225,0.06440286750063225,0.03505845891035562,0.03415247310570716,0.06440286750063225,0.06440286750063225,0.03505845891035562,0.03415247310570716],"support":["Who is a doctor","Who is a teacher","Who is a doctor and a teacher","Who is a doctor or a teacher","Who isn't a doctor","Who isn't a teacher","Who isn't a doctor and a teacher","Who isn't a doctor or a teacher","What is John","What is Mary","What are John and Mary","What is John or Mary","What isn't John","What isn't Mary","What aren't John and Mary","What isn't John or Mary"]},"learnedResult":{"probs":[0.05747081808444547,0.2082551082235464,0.03527745510231087,0.03163039904735245,0.05747081808444547,0.07187425585250798,0.031883464212946126,0.031552541784965346,0.10655292336951244,0.10971677840612766,0.034750322117920826,0.031673931993005444,0.06402009597969026,0.06447637619384555,0.03183629315940867,0.03155841838796891],"support":["Who is a doctor","Who is a teacher","Who is a doctor and a teacher","Who is a doctor or a teacher","Who isn't a doctor","Who isn't a teacher","Who isn't a doctor and a teacher","Who isn't a doctor or a teacher","What is John","What is Mary","What are John and Mary","What is John or Mary","What isn't John","What isn't Mary","What aren't John and Mary","What isn't John or Mary"]},"KLDivergence":0.16677950763528568}