{"trueResult":{"probs":[0.22921420581057594,0.019508918805434698,0.02689844941838866,0.026361758948273434,0.22921420581057594,0.019508918805434698,0.02689844941838866,0.026361758948273434,0.06440286750063225,0.06440286750063225,0.03505845891035562,0.03415247310570716,0.06440286750063225,0.06440286750063225,0.03505845891035562,0.03415247310570716],"support":["Who is a doctor","Who is a teacher","Who is a doctor and a teacher","Who is a doctor or a teacher","Who isn't a doctor","Who isn't a teacher","Who isn't a doctor and a teacher","Who isn't a doctor or a teacher","What is John","What is Mary","What are John and Mary","What is John or Mary","What isn't John","What isn't Mary","What aren't John and Mary","What isn't John or Mary"]},"learnedResult":{"probs":[0.21867390391283373,0.056279020825622826,0.03494108777392483,0.031262273678371144,0.0693868433244758,0.056279020825622826,0.03118882265961622,0.030928392873719564,0.10978841517503597,0.10800267674572199,0.03490472658232359,0.031311498941933746,0.06258220838402732,0.062345464948700614,0.031191301871699866,0.030934341476369875],"support":["Who is a doctor","Who is a teacher","Who is a doctor and a teacher","Who is a doctor or a teacher","Who isn't a doctor","Who isn't a teacher","Who isn't a doctor and a teacher","Who isn't a doctor or a teacher","What is John","What is Mary","What are John and Mary","What is John or Mary","What isn't John","What isn't Mary","What aren't John and Mary","What isn't John or Mary"]},"KLDivergence":0.17051841770609918}