{"andW0":[{"dims":[3,2],"data":[-0.09364631136774597,-0.025608321945516047,0.11601666895704756,0.17834000292680705,-0.17177499017684983,-0.10773423164665091]}],"andW1":[{"dims":[1,3],"data":[-0.12682487898805922,0.1952864566748522,-0.23837648295382488]}],"andb0":[{"dims":[3,1],"data":[-0.016860431733770487,0.07259780680764563,0.020951890681626992]}],"andb1":[{"dims":[1,1],"data":[-0.015968260706193487]}],"orW0":[{"dims":[3,2],"data":[-0.05612865559507563,-0.16020336518773215,-0.07635535608350504,0.05875581602195651,0.07709952459251182,0.11778970125248985]}],"orW1":[{"dims":[1,3],"data":[-0.17585788189169207,0.02905450610940866,0.04447516284934981]}],"orb0":[{"dims":[3,1],"data":[-0.10382700430799642,-0.03223714683629205,-0.06612871156202899]}],"orb1":[{"dims":[1,1],"data":[0.07804248597472788]}],"notW0":[{"dims":[3,1],"data":[-0.13006356355615178,-0.10750318837080182,-0.1703795931946078]}],"notW1":[{"dims":[1,3],"data":[0.2122380179598683,0.29693716213979493,0.0022792486777374727]}],"notb0":[{"dims":[3,1],"data":[-0.05243376453584009,-0.012225369049509879,0.1251699211113199]}],"notb1":[{"dims":[1,1],"data":[0.197748854604945]}]}