{"trueResult":{"probs":[0.07056451151225795,0.07056451151225793,0.03198790362966697,0.0317709209082792,0.07056451151225795,0.07056451151225793,0.03198790362966697,0.0317709209082792,0.056019550372890525,0.056019550372890525,0.16243769311668096,0.02063535857507579,0.056019550372890525,0.056019550372890525,0.16243769311668096,0.02063535857507579],"support":["Who is a doctor","Who is a teacher","Who is a doctor and a teacher","Who is a doctor or a teacher","Who isn't a doctor","Who isn't a teacher","Who isn't a doctor and a teacher","Who isn't a doctor or a teacher","What is John","What is Mary","What are John and Mary","What is John or Mary","What isn't John","What isn't Mary","What aren't John and Mary","What isn't John or Mary"]},"learnedResult":{"probs":[0.08552066021557453,0.0855197308975399,0.0423555246904897,0.042355524670975135,0.07717679780302543,0.07717679780302539,0.042355524670717334,0.042355524670717334,0.09070415692974249,0.09070406331572967,0.042355524713822236,0.042355524671140454,0.07717679780303276,0.0771767978030328,0.042355524670717334,0.042355524670717334],"support":["Who is a doctor","Who is a teacher","Who is a doctor and a teacher","Who is a doctor or a teacher","Who isn't a doctor","Who isn't a teacher","Who isn't a doctor and a teacher","Who isn't a doctor or a teacher","What is John","What is Mary","What are John and Mary","What is John or Mary","What isn't John","What isn't Mary","What aren't John and Mary","What isn't John or Mary"]},"KLDivergence":0.241127999110201}