{"andW0":[{"dims":[3,2],"data":[0.17824181058278138,0.3429140847127223,-0.033809404465821494,-0.17147324445724285,0.18871688749962864,0.1883408150872337]}],"andW1":[{"dims":[1,3],"data":[0.15768573297012248,-0.05973003006386334,0.1958043296967302]}],"andb0":[{"dims":[3,1],"data":[-0.18104468953201786,0.05173595206033598,-0.10252252640971478]}],"andb1":[{"dims":[1,1],"data":[-0.047628725374773986]}],"orW0":[{"dims":[3,2],"data":[-0.009579604045916503,-0.10849651075299102,-0.059436743731282965,-0.11164719469764553,-0.138921657558779,0.007585693237593219]}],"orW1":[{"dims":[1,3],"data":[0.02342986975394031,-0.21880316805561978,-0.09498013613757371]}],"orb0":[{"dims":[3,1],"data":[-0.07308150544130716,0.08158100931676904,-0.06572100605288023]}],"orb1":[{"dims":[1,1],"data":[0.17800836966722064]}],"notW0":[{"dims":[3,1],"data":[-0.13126549689000727,0.1392235441205145,0.24008813486472597]}],"notW1":[{"dims":[1,3],"data":[0.07891863118683007,-0.21225736190134545,-0.08705495498398892]}],"notb0":[{"dims":[3,1],"data":[0.06454246180410268,0.02796835444745125,-0.06583515885374669]}],"notb1":[{"dims":[1,1],"data":[-0.18837356719598675]}]}