{"andW0":[{"dims":[3,2],"data":[-0.9425930872436137,-0.7452665032632131,0.895936828483419,0.7558273776470925,0.9384613646810602,1.0149676823023706]}],"andW1":[{"dims":[1,3],"data":[-1.2961488687793885,1.2974879598251237,1.1149985263672]}],"andb0":[{"dims":[3,1],"data":[0.9845871663516218,-1.0095623529415545,-1.183203107288026]}],"andb1":[{"dims":[1,1],"data":[-1.037335628020025]}],"orW0":[{"dims":[3,2],"data":[0.8213749925959956,0.703439910391694,0.8474716127311333,0.7531930874235029,-0.856897560825655,-0.6988822174593852]}],"orW1":[{"dims":[1,3],"data":[1.0640887729780524,0.9550258397495901,-1.0195144823704052]}],"orb0":[{"dims":[3,1],"data":[-0.35400454215203997,-0.37117555344250974,0.36402773380239484]}],"orb1":[{"dims":[1,1],"data":[-0.30239759539057764]}],"notW0":[{"dims":[3,1],"data":[-1.091281523686851,-1.064541634370387,1.1493329824787533]}],"notW1":[{"dims":[1,3],"data":[1.102625524278363,1.115977142126479,-1.044229655512179]}],"notb0":[{"dims":[3,1],"data":[0.5171658300374101,0.5053635381691327,-0.5478574374047369]}],"notb1":[{"dims":[1,1],"data":[-0.36395862390148204]}]}