{"andW0":[{"dims":[3,2],"data":[-0.8426016283938388,-1.072251976542802,-1.004236371725241,-0.8842999156397617,0.911831825425883,0.9462109211871115]}],"andW1":[{"dims":[1,3],"data":[-1.311643955796445,-1.337272831046323,1.3687623308645342]}],"andb0":[{"dims":[3,1],"data":[1.1452540021166657,1.1282531639537658,-1.112170733505177]}],"andb1":[{"dims":[1,1],"data":[-1.1464703291762932]}],"orW0":[{"dims":[3,2],"data":[0.75337842334461,0.8737089748163387,-0.6486231312649212,-1.1054974726564732,0.667032227194178,0.988920332779858]}],"orW1":[{"dims":[1,3],"data":[1.2193970506573621,-1.0863708593180499,1.1881412534127866]}],"orb0":[{"dims":[3,1],"data":[-0.2781939108681205,0.3270437254773858,-0.2922730892067628]}],"orb1":[{"dims":[1,1],"data":[-0.3529398771994362]}],"notW0":[{"dims":[3,1],"data":[1.3040621751915955,1.3272021860934826,1.2790557710283217]}],"notW1":[{"dims":[1,3],"data":[-1.179171757252675,-1.1000061261165808,-1.2284227937503307]}],"notb0":[{"dims":[3,1],"data":[-0.5886208512001269,-0.598972348594389,-0.5779525557882961]}],"notb1":[{"dims":[1,1],"data":[-0.2481731604801947]}]}