{"andW0":[{"dims":[3,2],"data":[-0.7418584125411182,-0.8143089332859993,0.5479311909473228,0.7420608981020113,0.7137986969131753,0.6956743869164387]}],"andW1":[{"dims":[1,3],"data":[-0.8923978955739014,1.1319631953379015,1.0692962696550905]}],"andb0":[{"dims":[3,1],"data":[0.8686674939669482,-0.7758868727258115,-0.8307463879603508]}],"andb1":[{"dims":[1,1],"data":[-0.6950974421875153]}],"orW0":[{"dims":[3,2],"data":[0.5700154683080229,-0.3783881379739782,0.5898202798532093,-0.32821191983119713,-0.6057604939114505,0.2818237540965706]}],"orW1":[{"dims":[1,3],"data":[0.46242245859037795,0.46344666367389975,-0.50402284970563]}],"orb0":[{"dims":[3,1],"data":[-0.4402877312939481,-0.44543074814319134,0.4485477655609877]}],"orb1":[{"dims":[1,1],"data":[-0.6816870283364254]}],"notW0":[{"dims":[3,1],"data":[0.7686819363195896,0.5657817433013179,-0.756448010281403]}],"notW1":[{"dims":[1,3],"data":[-0.8085146494087485,-0.6676175033760535,0.7143237035782487]}],"notb0":[{"dims":[3,1],"data":[-0.37310839620032327,-0.22090485474259067,0.36076071720046665]}],"notb1":[{"dims":[1,1],"data":[-0.23546032136567946]}]}