{"andW0":[{"dims":[3,2],"data":[0.8392722375976155,0.7685540537703869,-0.8233942687227563,-0.8080520298422703,0.7627470579603052,0.875379298434263]}],"andW1":[{"dims":[1,3],"data":[1.2051822071131681,-1.296343573205525,1.2159474658037441]}],"andb0":[{"dims":[3,1],"data":[-1.0025132521048545,1.1324711169757167,-1.049678372389017]}],"andb1":[{"dims":[1,1],"data":[-0.9507525762419307]}],"orW0":[{"dims":[3,2],"data":[0.6958645019296456,1.013348176700678,-0.7887720783100762,-0.9555360478669485,0.8948519385046445,0.9478413008999478]}],"orW1":[{"dims":[1,3],"data":[0.9683397873763403,-1.196568306688945,1.1203401253345577]}],"orb0":[{"dims":[3,1],"data":[-0.32385701651918647,0.32649624873266486,-0.3495115457544109]}],"orb1":[{"dims":[1,1],"data":[-0.15452102168294443]}],"notW0":[{"dims":[3,1],"data":[1.0654227837423536,-1.0675044113002745,-1.2796645728510978]}],"notW1":[{"dims":[1,3],"data":[-1.0368122119057244,1.0615017861521134,0.9451396614453939]}],"notb0":[{"dims":[3,1],"data":[-0.46011133740358034,0.46771597344515436,0.5908370276823538]}],"notb1":[{"dims":[1,1],"data":[-0.45583457059006116]}]}