{"trueResult":{"probs":[0.07314497016363104,0.07314497016363104,0.03248027289420872,0.031733907142317455,0.07314497016363104,0.07314497016363104,0.03248027289420872,0.031733907142317455,0.05698246399509907,0.05698246399509907,0.020735222917302933,0.15479572872871053,0.05698246399509907,0.05698246399509907,0.020735222917302933,0.15479572872871053],"support":["Who is a doctor","Who is a teacher","Who is a doctor and a teacher","Who is a doctor or a teacher","Who isn't a doctor","Who isn't a teacher","Who isn't a doctor and a teacher","Who isn't a doctor or a teacher","What is John","What is Mary","What are John and Mary","What is John or Mary","What isn't John","What isn't Mary","What aren't John and Mary","What isn't John or Mary"]},"learnedResult":{"probs":[0.1001704453823027,0.1001806980021047,0.03965558375719729,0.03965558362175214,0.07225718441021992,0.07225718441029788,0.03965558354719315,0.03965558354719315,0.09668374592871448,0.09669170380162415,0.039655583943254816,0.03965558372097662,0.07225718441637301,0.07225718441640977,0.03965558354719315,0.03965558354719315],"support":["Who is a doctor","Who is a teacher","Who is a doctor and a teacher","Who is a doctor or a teacher","Who isn't a doctor","Who isn't a teacher","Who isn't a doctor and a teacher","Who isn't a doctor or a teacher","What is John","What is Mary","What are John and Mary","What is John or Mary","What isn't John","What isn't Mary","What aren't John and Mary","What isn't John or Mary"]},"KLDivergence":0.2360833534339975}