{"andW0":[{"dims":[3,2],"data":[0.8029881204307052,0.8478139402901896,-0.7059540698530218,-0.8998501021488778,0.7345707244051423,0.9330923894158163]}],"andW1":[{"dims":[1,3],"data":[1.1564400335240888,-1.0268524578390132,1.134348241453367]}],"andb0":[{"dims":[3,1],"data":[-0.9509484594718829,0.9652357319121971,-0.9752893601124907]}],"andb1":[{"dims":[1,1],"data":[-1.0154699056218452]}],"orW0":[{"dims":[3,2],"data":[-0.7039571070072392,-0.7979736026032164,-0.6439468911363244,-0.7601270167882753,0.5860432985989371,0.674072885480493]}],"orW1":[{"dims":[1,3],"data":[-0.9192549769417392,-1.027194616849244,1.0865224159961417]}],"orb0":[{"dims":[3,1],"data":[0.3886708077973349,0.3539672606211204,-0.3077705719357645]}],"orb1":[{"dims":[1,1],"data":[-0.24446581886688853]}],"notW0":[{"dims":[3,1],"data":[-1.3606246130829938,-1.1586107935268157,1.0853905141305267]}],"notW1":[{"dims":[1,3],"data":[0.9446879830020486,1.0560834761643685,-1.1674564577201938]}],"notb0":[{"dims":[3,1],"data":[0.6326348516649246,0.5262015634351306,-0.49102104924385725]}],"notb1":[{"dims":[1,1],"data":[-0.3440177800143794]}]}