{"trueResult":{"probs":[0.21354285644186327,0.10136046732600797,0.1051158857667582,0.10495997794431035,0.19322156686287917,0.09171474354618332,0.09511278667175636,0.09497171544024113],"support":["Who is a doctor","Who is a teacher","Who is a doctor and a teacher","Who is a doctor or a teacher","Who is not a doctor","Who is not a teacher","Who is not a doctor and a teacher","Who is not a doctor or a teacher"]},"learnedResult":{"probs":[0.21354285644186327,0.10136046732600797,0.1051158857667582,0.10495997794431035,0.19322156686287917,0.09171474354618332,0.09511278667175636,0.09497171544024113],"support":["Who is a doctor","Who is a teacher","Who is a doctor and a teacher","Who is a doctor or a teacher","Who is not a doctor","Who is not a teacher","Who is not a doctor and a teacher","Who is not a doctor or a teacher"]},"KLDivergence":0}