{"trueResult":{"probs":[0.15296802087485786,0.15296802087485786,0.10987584727236058,0.10916729845686357,0.13841118905047717,0.13841118905047717,0.09941977795043613,0.09877865646966946],"support":["Who is a doctor","Who is a teacher","Who is a doctor and a teacher","Who is a doctor or a teacher","Who is not a doctor","Who is not a teacher","Who is not a doctor and a teacher","Who is not a doctor or a teacher"]},"learnedResult":{"probs":[0.15296802087485786,0.15296802087485786,0.10987584727236058,0.10916729845686357,0.13841118905047717,0.13841118905047717,0.09941977795043613,0.09877865646966946],"support":["Who is a doctor","Who is a teacher","Who is a doctor and a teacher","Who is a doctor or a teacher","Who is not a doctor","Who is not a teacher","Who is not a doctor and a teacher","Who is not a doctor or a teacher"]},"KLDivergence":0}