{"andW0":[{"dims":[3,2],"data":[-0.3912146172223313,-0.4677318896788065,-0.4086944856278837,-0.507739597055077,-0.6050882707586389,-0.33133798173023954]}],"andW1":[{"dims":[1,3],"data":[-0.4609098118478647,-0.4389208128358629,-0.3789721709025581]}],"andb0":[{"dims":[3,1],"data":[0.5533424613569768,0.5231493329794722,0.460849808636288]}],"andb1":[{"dims":[1,1],"data":[-0.3486129837811783]}],"orW0":[{"dims":[3,2],"data":[0.13170093721114604,0.26131954886050185,-0.11464041621654994,-0.16761115911519525,0.07974268535066407,0.18982396231513338]}],"orW1":[{"dims":[1,3],"data":[0.15015245103359956,-0.060230069056928945,0.22685810042111507]}],"orb0":[{"dims":[3,1],"data":[-0.14761630815115406,0.08511685848367198,-0.1585699999669735]}],"orb1":[{"dims":[1,1],"data":[-0.03194268556855672]}],"notW0":[{"dims":[3,1],"data":[0.3342360399897746,0.3443694557840231,0.6130296106915599]}],"notW1":[{"dims":[1,3],"data":[-0.30772952282131416,-0.42941016862635106,-0.23616049035010736]}],"notb0":[{"dims":[3,1],"data":[-0.015959623312148685,-0.03251062338340231,-0.2278258942803111]}],"notb1":[{"dims":[1,1],"data":[-0.3738295009730973]}]}