{"trueResult":{"probs":[0.07056451151225795,0.07056451151225793,0.03198790362966697,0.0317709209082792,0.07056451151225795,0.07056451151225793,0.03198790362966697,0.0317709209082792,0.056019550372890525,0.056019550372890525,0.16243769311668096,0.02063535857507579,0.056019550372890525,0.056019550372890525,0.16243769311668096,0.02063535857507579],"support":["Who is a doctor","Who is a teacher","Who is a doctor and a teacher","Who is a doctor or a teacher","Who isn't a doctor","Who isn't a teacher","Who isn't a doctor and a teacher","Who isn't a doctor or a teacher","What is John","What is Mary","What are John and Mary","What is John or Mary","What isn't John","What isn't Mary","What aren't John and Mary","What isn't John or Mary"]},"learnedResult":{"probs":[0.08558630750616039,0.08559385487143009,0.04233846000653093,0.042338413512396124,0.07714570315485032,0.07714570319262598,0.04233841350372098,0.04233841350361152,0.09076979945388713,0.09075975669700366,0.04233851634039012,0.04233841350362994,0.07714570887380377,0.0771457088724943,0.04233841350385308,0.04233841350361148],"support":["Who is a doctor","Who is a teacher","Who is a doctor and a teacher","Who is a doctor or a teacher","Who isn't a doctor","Who isn't a teacher","Who isn't a doctor and a teacher","Who isn't a doctor or a teacher","What is John","What is Mary","What are John and Mary","What is John or Mary","What isn't John","What isn't Mary","What aren't John and Mary","What isn't John or Mary"]},"KLDivergence":0.24123886493063135}