{"trueResult":{"probs":[0.05561319640979196,0.05561319640979191,0.16119021963607344,0.020560500179419624,0.05561319640979196,0.05561319640979191,0.16119021963607344,0.020560500179419624,0.07171132446625784,0.07171132446625784,0.031954853337267324,0.03164538509514016,0.07171132446625784,0.07171132446625784,0.031954853337267324,0.03164538509514016],"support":["Who is a doctor","Who is a teacher","Who is a doctor and a teacher","Who is a doctor or a teacher","Who isn't a doctor","Who isn't a teacher","Who isn't a doctor and a teacher","Who isn't a doctor or a teacher","What is John","What is Mary","What are John and Mary","What is John or Mary","What isn't John","What isn't Mary","What aren't John and Mary","What isn't John or Mary"]},"learnedResult":{"probs":[0.07725211319772962,0.07725211319772962,0.24684443019234376,0.028066397291048914,0.04268456879709525,0.04268456879709525,0.02363122417646482,0.023274125010558,0.10798370045123203,0.10798370045123193,0.05072421451689993,0.03931329162180983,0.04279940960122352,0.04279940960122352,0.023377162931035013,0.023329570165279003],"support":["Who is a doctor","Who is a teacher","Who is a doctor and a teacher","Who is a doctor or a teacher","Who isn't a doctor","Who isn't a teacher","Who isn't a doctor and a teacher","Who isn't a doctor or a teacher","What is John","What is Mary","What are John and Mary","What is John or Mary","What isn't John","What isn't Mary","What aren't John and Mary","What isn't John or Mary"]},"KLDivergence":0.23803961213036484}