{"andW0":[{"dims":[3,2],"data":[0.8617685161747968,0.7201999775398672,-0.9230796094512208,-0.7984428636925178,0.739327437704647,0.8267453306430068]}],"andW1":[{"dims":[1,3],"data":[1.0754983812891683,-1.003689565205005,1.1040451280374652]}],"andb0":[{"dims":[3,1],"data":[-0.8780228013289236,1.0174775158241698,-0.9334961762836503]}],"andb1":[{"dims":[1,1],"data":[-0.990254626041089]}],"orW0":[{"dims":[3,2],"data":[0.6269611793040019,0.5852574154595693,-0.6156057390614567,-0.5162045916427831,-0.5281651400588363,-0.6095128459296729]}],"orW1":[{"dims":[1,3],"data":[0.8693196339882114,-0.8746685191099184,-0.8490988472954415]}],"orb0":[{"dims":[3,1],"data":[-0.3501346584995549,0.33205528730671896,0.3225243018854832]}],"orb1":[{"dims":[1,1],"data":[-0.1581366388911751]}],"notW0":[{"dims":[3,1],"data":[-1.023052681877792,1.0397420146790637,1.0116685742575326]}],"notW1":[{"dims":[1,3],"data":[1.1660635583826016,-1.1533395275207976,-1.175081845125961]}],"notb0":[{"dims":[3,1],"data":[0.45114397870798534,-0.46020362411070903,-0.44483948887938984]}],"notb1":[{"dims":[1,1],"data":[-0.3312766880219009]}]}