{"andW0":[{"dims":[3,2],"data":[0.8331489655778007,0.7909879891354926,0.8601588072477185,0.8397376246773933,-0.8756276021478879,-0.7939937725254914]}],"andW1":[{"dims":[1,3],"data":[1.2006540125408411,1.1467740402625375,-1.1437699640380157]}],"andb0":[{"dims":[3,1],"data":[-1.0213846933060107,-1.0721303468868115,1.0378874001367415]}],"andb1":[{"dims":[1,1],"data":[-0.9425376275293399]}],"orW0":[{"dims":[3,2],"data":[-0.7601751685264498,-0.8144608720147426,0.6941012123452224,0.7824473402622578,0.5574812470592035,0.6863262290199701]}],"orW1":[{"dims":[1,3],"data":[-0.9853149195535957,1.0334551384005466,1.0398216517790864]}],"orb0":[{"dims":[3,1],"data":[0.4181147138111273,-0.3871468487055276,-0.2837886957205656]}],"orb1":[{"dims":[1,1],"data":[-0.324288764085925]}],"notW0":[{"dims":[3,1],"data":[-1.058648289448875,1.1735037320607937,-1.2494432882935114]}],"notW1":[{"dims":[1,3],"data":[1.2425020760678551,-1.1068787836802871,1.042203749744145]}],"notb0":[{"dims":[3,1],"data":[0.44212600265406926,-0.4984328094944767,0.5362865048252597]}],"notb1":[{"dims":[1,1],"data":[-0.3145915584260488]}]}