{"trueResult":{"probs":[0.01618315405447324,0.22398465437675594,0.016186979209626425,0.015937502684563898,0.01618315405447324,0.22398465437675594,0.016186979209626425,0.015937502684563898,0.0727500401445967,0.07275004014459667,0.0417201844293851,0.0404874449560018,0.0727500401445967,0.07275004014459667,0.0417201844293851,0.0404874449560018],"support":["Who is a doctor","Who is a teacher","Who is a doctor and a teacher","Who is a doctor or a teacher","Who isn't a doctor","Who isn't a teacher","Who isn't a doctor and a teacher","Who isn't a doctor or a teacher","What is John","What is Mary","What are John and Mary","What is John or Mary","What isn't John","What isn't Mary","What aren't John and Mary","What isn't John or Mary"]},"learnedResult":{"probs":[0.06152336507673544,0.12775236584975727,0.025013533606186304,0.025013533688204817,0.06152336507673544,0.06152336507682274,0.025013533605345015,0.025013533605345015,0.1196074569414924,0.11960971553110825,0.04557762984952724,0.04557762995853415,0.0830478562206041,0.0830478562206041,0.045577629846498866,0.045577629846498886],"support":["Who is a doctor","Who is a teacher","Who is a doctor and a teacher","Who is a doctor or a teacher","Who isn't a doctor","Who isn't a teacher","Who isn't a doctor and a teacher","Who isn't a doctor or a teacher","What is John","What is Mary","What are John and Mary","What is John or Mary","What isn't John","What isn't Mary","What aren't John and Mary","What isn't John or Mary"]},"KLDivergence":0.234934952941784}