{"trueResult":{"probs":[0.05561319640979196,0.05561319640979191,0.16119021963607344,0.020560500179419624,0.05561319640979196,0.05561319640979191,0.16119021963607344,0.020560500179419624,0.07171132446625784,0.07171132446625784,0.031954853337267324,0.03164538509514016,0.07171132446625784,0.07171132446625784,0.031954853337267324,0.03164538509514016],"support":["Who is a doctor","Who is a teacher","Who is a doctor and a teacher","Who is a doctor or a teacher","Who isn't a doctor","Who isn't a teacher","Who isn't a doctor and a teacher","Who isn't a doctor or a teacher","What is John","What is Mary","What are John and Mary","What is John or Mary","What isn't John","What isn't Mary","What aren't John and Mary","What isn't John or Mary"]},"learnedResult":{"probs":[0.0983512052253455,0.09894598267653484,0.04285530353560346,0.037752797033760985,0.07332657622368499,0.07344022504077646,0.03780341710391034,0.03728670931328924,0.10045335279604993,0.10080671711139784,0.03906745742005821,0.03755294236903725,0.07378539176760444,0.07387983498080611,0.03742519915345928,0.03726688824868106],"support":["Who is a doctor","Who is a teacher","Who is a doctor and a teacher","Who is a doctor or a teacher","Who isn't a doctor","Who isn't a teacher","Who isn't a doctor and a teacher","Who isn't a doctor or a teacher","What is John","What is Mary","What are John and Mary","What is John or Mary","What isn't John","What isn't Mary","What aren't John and Mary","What isn't John or Mary"]},"KLDivergence":0.2531365528851124}