{"trueResult":{"probs":[0.056660089154322336,0.05666008915432231,0.020686596120519898,0.1534485100841477,0.056660089154322336,0.05666008915432231,0.020686596120519898,0.1534485100841477,0.07423664944950453,0.07423664944950453,0.03232480643399373,0.031746610153685004,0.07423664944950453,0.07423664944950453,0.03232480643399373,0.031746610153685004],"support":["Who is a doctor","Who is a teacher","Who is a doctor and a teacher","Who is a doctor or a teacher","Who isn't a doctor","Who isn't a teacher","Who isn't a doctor and a teacher","Who isn't a doctor or a teacher","What is John","What is Mary","What are John and Mary","What is John or Mary","What isn't John","What isn't Mary","What aren't John and Mary","What isn't John or Mary"]},"learnedResult":{"probs":[0.09705541873738795,0.09709294214213224,0.039489343557434886,0.039472174782485867,0.07192877124070905,0.07192877670846473,0.03947216687828955,0.03947216414149496,0.10113983967353715,0.101194825720457,0.039480158347555167,0.03947216868145559,0.07192845961567221,0.07192846024819129,0.03947216538424023,0.039472164140492136],"support":["Who is a doctor","Who is a teacher","Who is a doctor and a teacher","Who is a doctor or a teacher","Who isn't a doctor","Who isn't a teacher","Who isn't a doctor and a teacher","Who isn't a doctor or a teacher","What is John","What is Mary","What are John and Mary","What is John or Mary","What isn't John","What isn't Mary","What aren't John and Mary","What isn't John or Mary"]},"KLDivergence":0.23388767394153098}