{"andW0":[{"dims":[3,2],"data":[-0.018095897598570554,-0.15850191228860275,-0.15181786392782654,0.04805478972512713,0.34707814468743436,0.12079675977395196]}],"andW1":[{"dims":[1,3],"data":[-0.13556984441735562,-0.0854437844761167,0.21160122443839954]}],"andb0":[{"dims":[3,1],"data":[-0.16082376766392062,0.07221194257641207,-0.26065518990658254]}],"andb1":[{"dims":[1,1],"data":[-0.07460904010638317]}],"orW0":[{"dims":[3,2],"data":[0.18080069686451425,-0.12545046683591668,-0.2951970925396949,-0.0477386711454353,-0.18526176385482931,-0.12247673659708003]}],"orW1":[{"dims":[1,3],"data":[0.11166424560590667,-0.19923823479810138,-0.12140822057229957]}],"orb0":[{"dims":[3,1],"data":[-0.13798751188647973,0.1978946580033969,0.05418485975296464]}],"orb1":[{"dims":[1,1],"data":[-0.06140428154700022]}],"notW0":[{"dims":[3,1],"data":[0.0872793905857398,-0.1932457116477093,0.31667442575097493]}],"notW1":[{"dims":[1,3],"data":[0.0018514194080144204,0.1634171621429128,-0.18648056761933873]}],"notb0":[{"dims":[3,1],"data":[-0.136661106046963,-0.005068382106341975,-0.025276154075040993]}],"notb1":[{"dims":[1,1],"data":[-0.14414184630271112]}]}