{"andW0":[{"dims":[3,2],"data":[1.0086653204092142,0.9629783441714531,0.8611158219094649,0.9639078002362518,-0.905928595073675,-0.9129895452681095]}],"andW1":[{"dims":[1,3],"data":[1.1649313822960319,1.2561158767733016,-1.2212015758750538]}],"andb0":[{"dims":[3,1],"data":[-1.195233235243946,-1.106835199140151,1.0613972715131736]}],"andb1":[{"dims":[1,1],"data":[-1.3197898497783478]}],"orW0":[{"dims":[3,2],"data":[0.9064917568085187,0.6433604568405641,-0.9297961047831502,-0.5755418771029706,0.8735901998415104,0.6871490103301195]}],"orW1":[{"dims":[1,3],"data":[1.1317118758248765,-0.7950443688493015,0.9031109365074537]}],"orb0":[{"dims":[3,1],"data":[-0.33871768705885374,0.3225011696118197,-0.3258666054971082]}],"orb1":[{"dims":[1,1],"data":[-0.16932213965114626]}],"notW0":[{"dims":[3,1],"data":[-1.0927809898864074,1.0423977111103297,-1.162646241156644]}],"notW1":[{"dims":[1,3],"data":[1.0787203961827043,-1.13538510265538,1.0516636934230892]}],"notb0":[{"dims":[3,1],"data":[0.4858602675591491,-0.45919036769190247,0.5316013861602369]}],"notb1":[{"dims":[1,1],"data":[-0.2894145409477035]}]}