{"andW0":[{"dims":[3,2],"data":[-0.2859545644007601,-0.49439729037317,0.3939736567998974,0.3817591624558248,-0.340215405246015,-0.4758652257124348]}],"andW1":[{"dims":[1,3],"data":[-0.32814494117326215,0.5320904600643883,-0.5435696542566318]}],"andb0":[{"dims":[3,1],"data":[0.2701374404694414,-0.46208571849560875,0.5495323913965239]}],"andb1":[{"dims":[1,1],"data":[-0.556636628416627]}],"orW0":[{"dims":[3,2],"data":[-0.26657163390290967,-0.19764387133431274,0.04413018725839099,-0.20223636185924643,-0.29646070935824453,-0.16032050418680907]}],"orW1":[{"dims":[1,3],"data":[-0.40350596461141147,-0.17391161726059293,-0.2323143960865585]}],"orb0":[{"dims":[3,1],"data":[0.22124685245023668,0.09626845713518065,0.12407192397956213]}],"orb1":[{"dims":[1,1],"data":[-0.22151366985229484]}],"notW0":[{"dims":[3,1],"data":[0.404040629589347,0.30414569910651257,0.5308260907950029]}],"notW1":[{"dims":[1,3],"data":[-0.31090127990912364,-0.669205530747954,-0.3444516033045543]}],"notb0":[{"dims":[3,1],"data":[-0.049814855547886325,0.036336578092062075,-0.15362433636098247]}],"notb1":[{"dims":[1,1],"data":[-0.35741511449782887]}]}