{"andW0":[{"dims":[3,2],"data":[-0.03961437774794173,-0.014647317591000974,0.11958908278942297,0.06627613417096997,-0.04374639252584399,0.054972159160199055]}],"andW1":[{"dims":[1,3],"data":[-0.07750891302064644,0.059360060786124665,-0.17426413010323943]}],"andb0":[{"dims":[3,1],"data":[0.0455282074221996,-0.07720785538057474,0.041073630893827644]}],"andb1":[{"dims":[1,1],"data":[0.07229619411609783]}],"orW0":[{"dims":[3,2],"data":[-0.11834869180550127,-0.07191884357267389,0.028563658549721656,0.0063143521402440166,0.018947640133962933,-0.03144243875659926]}],"orW1":[{"dims":[1,3],"data":[-0.044367380138952285,0.038731080325248524,-0.05303894955693238]}],"orb0":[{"dims":[3,1],"data":[-0.10250505074922196,-0.0682999088743396,0.023447609178530594]}],"orb1":[{"dims":[1,1],"data":[-0.0329114337950026]}],"notW0":[{"dims":[3,1],"data":[-0.14366567606356864,-0.06749737579152158,-0.02614500670539899]}],"notW1":[{"dims":[1,3],"data":[-0.01410824917253472,-0.05146378675371951,-0.06809338225609941]}],"notb0":[{"dims":[3,1],"data":[0.06892552418038089,-0.03508790191153261,0.17509614185133723]}],"notb1":[{"dims":[1,1],"data":[0.17735709511087322]}]}