{"andW0":[{"dims":[3,2],"data":[0.670358389742269,0.6754023852297316,0.6716024694108064,0.4504528241082874,0.4766306936142713,0.7839458815120643]}],"andW1":[{"dims":[1,3],"data":[0.62753811125623,0.7633838698122993,0.6707767257853775]}],"andb0":[{"dims":[3,1],"data":[-0.7659413463792736,-0.7108903185759912,-0.7234566074239799]}],"andb1":[{"dims":[1,1],"data":[-0.7837068333601793]}],"orW0":[{"dims":[3,2],"data":[-0.5485057246074337,-0.14827638452004266,0.40038350108676185,0.06350001031289342,0.41737036454019405,0.0700555994785675]}],"orW1":[{"dims":[1,3],"data":[-0.4720420664825828,0.545468651597192,0.48655797941438717]}],"orb0":[{"dims":[3,1],"data":[0.24613579981494282,-0.21498692044674075,-0.19472878148948977]}],"orb1":[{"dims":[1,1],"data":[-0.42804783278868574]}],"notW0":[{"dims":[3,1],"data":[0.5735970710499416,-0.5338848139016888,0.5592752390222054]}],"notW1":[{"dims":[1,3],"data":[-0.6239234937156187,0.49714468351308955,-0.5744142154616003]}],"notb0":[{"dims":[3,1],"data":[-0.17422765002060367,0.12840731696177546,-0.1592717552258125]}],"notb1":[{"dims":[1,1],"data":[-0.4934372313199612]}]}