{"trueResult":{"probs":[0.0632711173435373,0.0632711173435373,0.034279269305067944,0.03340485038853081,0.0632711173435373,0.0632711173435373,0.034279269305067944,0.03340485038853081,0.2335112339276272,0.019306471141005675,0.026735791849958446,0.02622014870073529,0.2335112339276272,0.019306471141005675,0.026735791849958446,0.02622014870073529],"support":["Who is a doctor","Who is a teacher","Who is a doctor and a teacher","Who is a doctor or a teacher","Who isn't a doctor","Who isn't a teacher","Who isn't a doctor and a teacher","Who isn't a doctor or a teacher","What is John","What is Mary","What are John and Mary","What is John or Mary","What isn't John","What isn't Mary","What aren't John and Mary","What isn't John or Mary"]},"learnedResult":{"probs":[0.10020535883352016,0.10018466160081542,0.038320919568221784,0.038320678802853246,0.0698248635910943,0.06982486356695569,0.038320677564811056,0.03832067756464609,0.14391977105831372,0.06982482703424282,0.03832094088711247,0.03832067763987273,0.06982490012382639,0.06982482703424282,0.03832067756482566,0.03832067756464527],"support":["Who is a doctor","Who is a teacher","Who is a doctor and a teacher","Who is a doctor or a teacher","Who isn't a doctor","Who isn't a teacher","Who isn't a doctor and a teacher","Who isn't a doctor or a teacher","What is John","What is Mary","What are John and Mary","What is John or Mary","What isn't John","What isn't Mary","What aren't John and Mary","What isn't John or Mary"]},"KLDivergence":0.2186747739661953}