steps, distance
1000, 7.383312758382662
500 ,21.292494028545967
250 ,27.60371030126553
125 ,35.21841487458524