steps, distance
1000, 18.565985844187857
500 ,34.31537954178155
250 ,31.027032378826505
125 ,34.41629766816497