steps, distance
1000, 7.307295762389442
500 , 23.057830563197157
250 , 31.523437864952953
125 , 30.39725882490732