samples, distance
16, 1.3737024700445355
8, 1.169131005512903
4, 1.4353788021279097
2, 1.4847832960344465