samples, distance
16, 1.3828348896194302
8, 1.7158501051114692
4, 1.7109512750567444
2, 1.378339421761704