steps, distance
1000, 1.3828348896194302
500 ,3.1551488283728704
250 ,2.860069449316356
125 ,2.9098392443677117