samples, distance
16, 25.71343105672604
8, 27.446697020946495
4, 27.252434544950614
2, 17.868594511303133