samples, distance
16, 7.307295762389442
8, 9.222445753976471
4, 15.007868180450508
2, 6.5102391255089795