steps, distance
1000, 25.71343105672604
500 ,38.826838873478565
250 ,36.012680674087115
125 ,33.00067188491997