samples, distance
16, 0.9064369879171179
8, 2.307047427282553
4, 2.297052132195633
2, 0.39562925837686813