samples, distance
16, 7.383312758382662
8, 7.688530626812152
4, 6.709574632002985
2, 7.580190864628153