steps, distance
1000, 0.9064369879171179
500 ,2.307047427282553
250 ,2.946199624604128
125 ,2.913548511850586