steps, distance
1000, 24.971818922132712
500 ,38.68486213525035
250 ,32.33580378978035
125 ,36.557468514895994