samples, distance
16, 18.565985844187857
8, 19.411401118251877
4, 25.13331990973023
2, 31.35098611481388