samples, distance
16, 7.689148018942729
8, 7.955031010176572
4, 7.513514390446497
2, 7.356796346701467