steps, distance
1000, 1.3737024700445355
500 ,2.9190240683133815
250 ,2.883426840094167
125 ,2.9286481893152385