steps, distance
1000, 7.689148018942729
500 ,22.057432192974392
250 ,30.28833047108954
125 ,32.38822108144857