samples, distance
16, 24.971818922132712
8, 37.977954381072095
4, 40.022901553575096
2, 18.831932505312107