samples, distance
16, 9.410973336799199
8, 8.506801437465695
4, 8.131331805633133
2, 10.890338104477