steps, distance
1000, 9.410973336799199
500 ,14.275600560955318
250 ,23.819127728606446
125 ,29.52532092895683