steps, distance
1000, 1.2288673667935521
500 ,2.7020985369577444
250 ,2.8836485424915077
125 ,2.967112849341624