samples, distance
16, 8.545249146605666
8, 7.216127810529491
4, 17.989229572444515
2, 23.111073697246145