steps, distance
1000, 8.545249146605666
500 ,36.18054193449575
250 ,35.20586211777535
125 ,35.475289899282174