samples, distance
16, 1.2288673667935521
8, 1.497390930693187
4, 2.223069321183945
2, 1.4273682488982886