{"trueResult":{"probs":[0.056660089154322336,0.05666008915432231,0.020686596120519898,0.1534485100841477,0.056660089154322336,0.05666008915432231,0.020686596120519898,0.1534485100841477,0.07423664944950453,0.07423664944950453,0.03232480643399373,0.031746610153685004,0.07423664944950453,0.07423664944950453,0.03232480643399373,0.031746610153685004],"support":["Who is a doctor","Who is a teacher","Who is a doctor and a teacher","Who is a doctor or a teacher","Who isn't a doctor","Who isn't a teacher","Who isn't a doctor and a teacher","Who isn't a doctor or a teacher","What is John","What is Mary","What are John and Mary","What is John or Mary","What isn't John","What isn't Mary","What aren't John and Mary","What isn't John or Mary"]},"learnedResult":{"probs":[0.10145183689349613,0.10325168245209153,0.038824949868947294,0.03642156254411506,0.07112319207907365,0.07139829167306708,0.03645260922347417,0.03624175698824049,0.1054686433275724,0.10799673114506635,0.038740996024212174,0.03631906166317856,0.07162538890815968,0.07201867004920114,0.03643798162760799,0.03622664553249644],"support":["Who is a doctor","Who is a teacher","Who is a doctor and a teacher","Who is a doctor or a teacher","Who isn't a doctor","Who isn't a teacher","Who isn't a doctor and a teacher","Who isn't a doctor or a teacher","What is John","What is Mary","What are John and Mary","What is John or Mary","What isn't John","What isn't Mary","What aren't John and Mary","What isn't John or Mary"]},"KLDivergence":0.2572355335018147}