{"andW0":[{"dims":[3,2],"data":[-0.04181177832628706,0.060810327084153515,-0.07133341156769411,-0.04581290105397563,0.04258269925588261,-0.015796654128851072]}],"andW1":[{"dims":[1,3],"data":[0.10712890195536566,-0.20011469902715617,-0.20548961258811674]}],"andb0":[{"dims":[3,1],"data":[0.12000354253391497,-0.011609457255520443,0.13000424165577265]}],"andb1":[{"dims":[1,1],"data":[-0.06631404053294425]}],"orW0":[{"dims":[3,2],"data":[0.016420265889643525,-0.1980742280657532,-0.11564864618693471,-0.030962034234780514,0.15980465055645318,0.034347771292549754]}],"orW1":[{"dims":[1,3],"data":[-0.04579390685949943,-0.042440802836581325,0.15350530770759885]}],"orb0":[{"dims":[3,1],"data":[-0.08442922828847138,0.11014410148035084,0.19660674178293813]}],"orb1":[{"dims":[1,1],"data":[0.0661014219839542]}],"notW0":[{"dims":[3,1],"data":[0.07379512333987633,-0.05097454563166811,0.08603229941001977]}],"notW1":[{"dims":[1,3],"data":[-0.07833599195923598,-0.06967318720788167,-0.17061099444188596]}],"notb0":[{"dims":[3,1],"data":[0.020864890052562226,-0.2644222502409872,0.12685032127450768]}],"notb1":[{"dims":[1,1],"data":[0.07433913144111301]}]}