{"andW0":[{"dims":[3,2],"data":[0.8324901964585802,0.7993750008633774,-0.861542242077401,-0.8617143591781034,0.7904441908876578,0.7530927815946782]}],"andW1":[{"dims":[1,3],"data":[1.0955671200215693,-1.001394835520491,1.086870014253171]}],"andb0":[{"dims":[3,1],"data":[-1.0150469806442517,1.0714053653199453,-0.8780723556019008]}],"andb1":[{"dims":[1,1],"data":[-0.9565232860034034]}],"orW0":[{"dims":[3,2],"data":[0.4327756791318419,0.5431182778558554,0.6234216943793268,0.7293542429784273,-0.6081331270114656,-0.6309282669694191]}],"orW1":[{"dims":[1,3],"data":[0.9607325075863741,0.7111983752402042,-0.7643913406959593]}],"orb0":[{"dims":[3,1],"data":[-0.20991136655741055,-0.332078652448324,0.3191511918425786]}],"orb1":[{"dims":[1,1],"data":[-0.3005227941653718]}],"notW0":[{"dims":[3,1],"data":[1.0121527969330606,1.019913580933134,1.0207271443377384]}],"notW1":[{"dims":[1,3],"data":[-1.1413270152720645,-1.125468268709318,-0.9994911738046425]}],"notb0":[{"dims":[3,1],"data":[-0.4658631473591106,-0.46891509999359776,-0.46010513930443175]}],"notb1":[{"dims":[1,1],"data":[-0.2984028747783945]}]}