{"andW0":[{"dims":[3,2],"data":[0.7711939113549932,0.9147718958447505,0.6389383832062242,0.8577580334007459,0.8833246956563503,0.7984771055190303]}],"andW1":[{"dims":[1,3],"data":[1.1199350748500365,1.228413721376093,1.17831195485159]}],"andb0":[{"dims":[3,1],"data":[-1.0650686514816519,-0.922432554284177,-1.0791305602150814]}],"andb1":[{"dims":[1,1],"data":[-0.8008447269414746]}],"orW0":[{"dims":[3,2],"data":[0.7479033854112953,0.6304121600846013,-0.7478464788495474,-0.5931790731909965,0.629217465751225,0.6799055744181423]}],"orW1":[{"dims":[1,3],"data":[0.8479430490083913,-0.8592778984762659,0.8897602535622455]}],"orb0":[{"dims":[3,1],"data":[-0.40428378020558814,0.3968051244710657,-0.3711047504848141]}],"orb1":[{"dims":[1,1],"data":[-0.19701639920960506]}],"notW0":[{"dims":[3,1],"data":[1.0002039560469695,1.1059233993568816,1.0352350352741455]}],"notW1":[{"dims":[1,3],"data":[-1.1765124575508823,-1.0438512448147441,-1.13019196686347]}],"notb0":[{"dims":[3,1],"data":[-0.44125610167216806,-0.49454697805923764,-0.45954383874947613]}],"notb1":[{"dims":[1,1],"data":[-0.15183287619546065]}]}