{"trueResult":{"probs":[0.11123092359543552,0.013399442595208508,0.010300236862844328,0.0012408189026886474,0.11123092359543552,0.013399442595208508,0.010300236862844328,0.0012408189026886474,0.659215159222037,0.031761641707160976,0.0076306031453325695,0.000367650045241081,0.018087355603751278,0.0037651302468732903,0.0056528898448536,0.001176726272395887],"support":["John is a doctor","John is a doctor or a teacher","John is not a teacher","John is not a doctor and a teacher","Mary is a doctor","Mary is a doctor or a teacher","Mary is not a teacher","Mary is not a doctor and a teacher","John and Mary are doctors","John and Mary are doctors or teachers","John and Mary are not teachers","John and Mary are not doctors and teachers","John or Mary is a doctor","John or Mary is a doctor or a teacher","John or Mary is not a teacher","John or Mary is not a doctor and a teacher"]},"learnedResult":{"probs":[0.11123092359543552,0.013399442595208508,0.010300236862844328,0.0012408189026886474,0.11123092359543552,0.013399442595208508,0.010300236862844328,0.0012408189026886474,0.659215159222037,0.031761641707160976,0.0076306031453325695,0.000367650045241081,0.018087355603751278,0.0037651302468732903,0.0056528898448536,0.001176726272395887],"support":["John is a doctor","John is a doctor or a teacher","John is not a teacher","John is not a doctor and a teacher","Mary is a doctor","Mary is a doctor or a teacher","Mary is not a teacher","Mary is not a doctor and a teacher","John and Mary are doctors","John and Mary are doctors or teachers","John and Mary are not teachers","John and Mary are not doctors and teachers","John or Mary is a doctor","John or Mary is a doctor or a teacher","John or Mary is not a teacher","John or Mary is not a doctor and a teacher"]},"KLDivergence":0}