{"trueResult":{"probs":[0.14862743171050452,0.14862743171050452,0.11430252455523411,0.11342179950269685,0.13448366155824873,0.13448366155824873,0.1034252011935498,0.1026282882110125],"support":["Who is a doctor","Who is a teacher","Who is a doctor and a teacher","Who is a doctor or a teacher","Who is not a doctor","Who is not a teacher","Who is not a doctor and a teacher","Who is not a doctor or a teacher"]},"learnedResult":{"probs":[0.14862743171050452,0.14862743171050452,0.11430252455523411,0.11342179950269685,0.13448366155824873,0.13448366155824873,0.1034252011935498,0.1026282882110125],"support":["Who is a doctor","Who is a teacher","Who is a doctor and a teacher","Who is a doctor or a teacher","Who is not a doctor","Who is not a teacher","Who is not a doctor and a teacher","Who is not a doctor or a teacher"]},"KLDivergence":0}