{"trueResult":{"probs":[0.0632711173435373,0.0632711173435373,0.034279269305067944,0.03340485038853081,0.0632711173435373,0.0632711173435373,0.034279269305067944,0.03340485038853081,0.2335112339276272,0.019306471141005675,0.026735791849958446,0.02622014870073529,0.2335112339276272,0.019306471141005675,0.026735791849958446,0.02622014870073529],"support":["Who is a doctor","Who is a teacher","Who is a doctor and a teacher","Who is a doctor or a teacher","Who isn't a doctor","Who isn't a teacher","Who isn't a doctor and a teacher","Who isn't a doctor or a teacher","What is John","What is Mary","What are John and Mary","What is John or Mary","What isn't John","What isn't Mary","What aren't John and Mary","What isn't John or Mary"]},"learnedResult":{"probs":[0.10014914921791111,0.100159426476235,0.03833355850103495,0.038333558282850184,0.0698482971416055,0.06984829714165906,0.03833355815742227,0.03833355815742227,0.14378147227480306,0.06984829700450203,0.0383335587530923,0.03833355829335306,0.06984829727876245,0.06984829700450203,0.03833355815742227,0.03833355815742224],"support":["Who is a doctor","Who is a teacher","Who is a doctor and a teacher","Who is a doctor or a teacher","Who isn't a doctor","Who isn't a teacher","Who isn't a doctor and a teacher","Who isn't a doctor or a teacher","What is John","What is Mary","What are John and Mary","What is John or Mary","What isn't John","What isn't Mary","What aren't John and Mary","What isn't John or Mary"]},"KLDivergence":0.21873635671522768}