{"andW0":[{"dims":[3,2],"data":[-1.0096512446406132,-0.9330956331807281,0.9587437586985886,1.028907129183543,1.0061191203289823,1.0205994244251106]}],"andW1":[{"dims":[1,3],"data":[-1.358480911751726,1.360847475548273,1.3645964225316973]}],"andb0":[{"dims":[3,1],"data":[1.2785687518181459,-1.2793905772146452,-1.321948072758566]}],"andb1":[{"dims":[1,1],"data":[-1.3115153138148452]}],"orW0":[{"dims":[3,2],"data":[0.04192091314943316,0.06954821445832943,0.012285219224838636,0.008542731527327374,0.005120519015938827,0.08377301229225158]}],"orW1":[{"dims":[1,3],"data":[-0.30949942573509215,-0.10958564001626327,-0.16911388222464438]}],"orb0":[{"dims":[3,1],"data":[-0.014308192848215549,-0.08900575038046045,-0.036702487491683956]}],"orb1":[{"dims":[1,1],"data":[0.12788103779757237]}],"notW0":[{"dims":[3,1],"data":[1.2071414738890205,1.0907844137673188,1.1592127348598964]}],"notW1":[{"dims":[1,3],"data":[-1.1462739770314185,-1.2729308156695587,-1.1976317277790656]}],"notb0":[{"dims":[3,1],"data":[-0.5166553463850553,-0.4566970465698917,-0.4907739586156587]}],"notb1":[{"dims":[1,1],"data":[-0.7205354092826878]}],"0: $S -> null":[{"dims":[1],"data":[0.17496958486468214]}],"1: $S -> $NP $VP":[{"dims":[1],"data":[-0.09239258912203333]}],"2: $VP -> $COP $NP":[{"dims":[1],"data":[0.016731322193945995]}],"3: $VP -> $COP $ADJ":[{"dims":[1],"data":[0.1732174399309571]}],"4: $VP -> $COP $NegNP":[{"dims":[1],"data":[0.15386107716424757]}],"5: $VP -> $COP $NegADJ":[{"dims":[1],"data":[-0.00513257971360524]}],"6: $NP -> $DET $N":[{"dims":[1],"data":[-0.02190135529244408]}],"7: $N -> $ADJ $N":[{"dims":[1],"data":[-0.12065850653738555]}],"8: $NP -> John":[{"dims":[1],"data":[0.10130546596690206]}],"9: $NP -> Mary":[{"dims":[1],"data":[0.1438283215480116]}],"10: $NP -> Oak":[{"dims":[1],"data":[-0.13024238726631585]}],"11: $NP -> Gates":[{"dims":[1],"data":[-0.03625081619131023]}],"12: $COP -> is":[{"dims":[1],"data":[0.037870970047008304]}],"13: $COP -> are":[{"dims":[1],"data":[0.03443793669468601]}],"14: $DET -> a":[{"dims":[1],"data":[0.021968352303675213]}],"15: $WH-NP -> Who":[{"dims":[1],"data":[0.1174339564458835]}],"16: $WH -> $WH-NP $VP":[{"dims":[1],"data":[-0.015315797728578166]}],"17: $S -> $S $ConjS":[{"dims":[1],"data":[0.019351756560707856]}],"18: $ConjS -> $CONJ $S":[{"dims":[1],"data":[-0.06307330759303213]}],"19: $ADJ -> $ADJ $ConjADJ":[{"dims":[1],"data":[0.1289520083438223]}],"20: $ConjADJ -> $CONJ $ADJ":[{"dims":[1],"data":[0.249126346407431]}],"21: $NP -> $NP $ConjNP":[{"dims":[1],"data":[-0.05624297222022924]}],"22: $ConjNP -> $CONJ $NP":[{"dims":[1],"data":[-0.04818294900390037]}],"23: $NegADJ -> $NEG $ADJ":[{"dims":[1],"data":[0.03702487035335622]}],"24: $NegNP -> $NEG $NP":[{"dims":[1],"data":[0.153996946452138]}],"25: $N -> doctor":[{"dims":[1],"data":[-0.2708316964072207]}],"26: $N -> teacher":[{"dims":[1],"data":[-0.005523792495670975]}],"27: $N -> fisherman":[{"dims":[1],"data":[0.022459852030216637]}],"28: $NP -> doctors":[{"dims":[1],"data":[0.04001416489657534]}],"29: $NP -> teachers":[{"dims":[1],"data":[0.12883156098452278]}],"30: $NP -> fishermen":[{"dims":[1],"data":[0.09454369716812913]}],"31: $CONJ -> and":[{"dims":[1],"data":[-0.04136016967279201]}],"32: $CONJ -> or":[{"dims":[1],"data":[0.11946362235120407]}],"33: $NEG -> not":[{"dims":[1],"data":[0.08259102096391888]}]}