{"andW0":[{"dims":[3,2],"data":[-0.1459912892448037,-0.0950266468697936,0.5422914068747388,-0.014239468689616178,-0.36589787852004324,-0.0750388437528674]}],"andW1":[{"dims":[1,3],"data":[0.16243073891070264,-0.3546389254142751,0.5132387855256406]}],"andb0":[{"dims":[3,1],"data":[-0.08462416856464063,-0.07428237858752613,-0.02693725974905204]}],"andb1":[{"dims":[1,1],"data":[-0.3652625844296511]}],"orW0":[{"dims":[3,2],"data":[-0.514033194492218,-0.2076548978261239,-0.2697627470417093,-0.23260104191623004,-0.32514966856859717,-0.15114729631574014]}],"orW1":[{"dims":[1,3],"data":[0.28072303114237784,0.2965219862401054,0.3724847539016043]}],"orb0":[{"dims":[3,1],"data":[0.12468525069760467,-0.03881162443346858,-0.06150812826377029]}],"orb1":[{"dims":[1,1],"data":[-0.23596755377402007]}],"notW0":[{"dims":[3,1],"data":[-0.3940584619478218,-0.34985455963763634,0.3056388860010649]}],"notW1":[{"dims":[1,3],"data":[0.33622248168882074,0.1400948543510137,-0.3071413769568105]}],"notb0":[{"dims":[3,1],"data":[0.03143359009854506,-0.013006584411876776,0.0670608123435719]}],"notb1":[{"dims":[1,1],"data":[-0.16163965011737064]}]}