{"andW0":[{"dims":[3,2],"data":[-0.17824017580717574,-0.22906477482943904,-0.2475466481363036,-0.2486323111313243,-0.2750534554974929,-0.3406268427039663]}],"andW1":[{"dims":[1,3],"data":[-0.3322758738733543,-0.5502037822329817,-0.3632147825994434]}],"andb0":[{"dims":[3,1],"data":[0.3098315980443588,0.2550267391115148,0.31508216718345083]}],"andb1":[{"dims":[1,1],"data":[-0.500464637269365]}],"orW0":[{"dims":[3,2],"data":[-0.015163424700343028,0.16876033155121226,0.050570617011230015,-0.06352773623016017,-0.03847709313716338,-0.14487629057890708]}],"orW1":[{"dims":[1,3],"data":[0.14070900124338184,-0.10036979687219444,-0.16882861005268823]}],"orb0":[{"dims":[3,1],"data":[-0.14368497413801054,-0.04024956189178172,0.12391450372677314]}],"orb1":[{"dims":[1,1],"data":[-0.09281035403303743]}],"notW0":[{"dims":[3,1],"data":[0.3544794596039347,0.21611341264784328,0.21601292128506117]}],"notW1":[{"dims":[1,3],"data":[-0.17985305217812228,-0.175572389254993,-0.2455723977109465]}],"notb0":[{"dims":[3,1],"data":[-0.10610508394198152,0.0074261605261284926,0.0031648188752306287]}],"notb1":[{"dims":[1,1],"data":[-0.3189671764036922]}]}