{"andW0":[{"dims":[3,2],"data":[0.12204698670394212,-0.12786475253992466,0.07715340785907622,0.3408762715178024,-0.2248226550544825,-0.05051382790648504]}],"andW1":[{"dims":[1,3],"data":[-0.012808624123670204,0.21704492325028907,-0.19929335827121716]}],"andb0":[{"dims":[3,1],"data":[-0.18059384008166038,-0.21816435441994544,0.08673866730479246]}],"andb1":[{"dims":[1,1],"data":[-0.19545188673401345]}],"orW0":[{"dims":[3,2],"data":[-0.09142973043713161,0.04256004866144086,0.05360383438589677,0.07380003296218597,0.04381880611308426,0.13017572321241844]}],"orW1":[{"dims":[1,3],"data":[0.00004505236058267174,0.1342181556022878,-0.02609253541190927]}],"orb0":[{"dims":[3,1],"data":[-0.1426199300628147,-0.014510347403377618,0.041415689144932044]}],"orb1":[{"dims":[1,1],"data":[0.052679956719435754]}],"notW0":[{"dims":[3,1],"data":[0.11670495154419942,0.044379548515235706,0.19736872984746526]}],"notW1":[{"dims":[1,3],"data":[-0.13452125840943824,-0.15191982871968562,-0.21202180822673972]}],"notb0":[{"dims":[3,1],"data":[0.026192943108937758,0.08239218327910035,0.13420746958697696]}],"notb1":[{"dims":[1,1],"data":[-0.12102000752669344]}]}