{"trueResult":{"probs":[0.019508918805434698,0.2292142058105759,0.02689844941838866,0.026361758948273424,0.019508918805434698,0.2292142058105759,0.02689844941838866,0.026361758948273424,0.06440286750063225,0.06440286750063225,0.03505845891035562,0.03415247310570716,0.06440286750063225,0.06440286750063225,0.03505845891035562,0.03415247310570716],"support":["Who is a doctor","Who is a teacher","Who is a doctor and a teacher","Who is a doctor or a teacher","Who isn't a doctor","Who isn't a teacher","Who isn't a doctor and a teacher","Who isn't a doctor or a teacher","What is John","What is Mary","What are John and Mary","What is John or Mary","What isn't John","What isn't Mary","What aren't John and Mary","What isn't John or Mary"]},"learnedResult":{"probs":[0.05516739704769391,0.2131276779870598,0.03341907101923623,0.03030567571501656,0.05516739704769391,0.08144920025184053,0.030787388514606547,0.030285623488115535,0.1056341509713606,0.10565776918791105,0.033697021545535756,0.03032922250703866,0.06689856278284238,0.06693393356982119,0.03084678887113073,0.030293119493096446],"support":["Who is a doctor","Who is a teacher","Who is a doctor and a teacher","Who is a doctor or a teacher","Who isn't a doctor","Who isn't a teacher","Who isn't a doctor and a teacher","Who isn't a doctor or a teacher","What is John","What is Mary","What are John and Mary","What is John or Mary","What isn't John","What isn't Mary","What aren't John and Mary","What isn't John or Mary"]},"KLDivergence":0.14182243192279415}