{"andW0":[{"dims":[3,2],"data":[0.793596581021886,0.8352194020062245,-0.7395166925992411,-0.8690647725623232,-0.8813161231896033,-0.8186151022369126]}],"andW1":[{"dims":[1,3],"data":[1.0674471027292365,-0.9687879222274327,-0.997596032744318]}],"andb0":[{"dims":[3,1],"data":[-0.9552961332434929,0.8782428963683444,1.0020953499542125]}],"andb1":[{"dims":[1,1],"data":[-1.0199003807921785]}],"orW0":[{"dims":[3,2],"data":[0.3771883873181773,0.5555880008308658,0.39691133846340343,0.5323925226926485,0.4062908879227415,0.3653168288024319]}],"orW1":[{"dims":[1,3],"data":[0.5403401521381158,0.8247197611695211,0.5525477561998176]}],"orb0":[{"dims":[3,1],"data":[-0.23611670299887264,-0.2483726136316501,-0.1743560223125962]}],"orb1":[{"dims":[1,1],"data":[-0.31805629210769903]}],"notW0":[{"dims":[3,1],"data":[-0.9095573469478107,-0.9617102427112831,1.151219910198657]}],"notW1":[{"dims":[1,3],"data":[1.1355732260571911,1.0639424117731155,-0.940411583191481]}],"notb0":[{"dims":[3,1],"data":[0.3845728998788195,0.41140873385972115,-0.5135197088662112]}],"notb1":[{"dims":[1,1],"data":[-0.2352027664478605]}]}