{"andW0":[{"dims":[3,2],"data":[0.03763012657854452,0.0001544825929929175,0.09976769253190927,-0.13507561991150374,0.0538680703026368,0.058069362064289025]}],"andW1":[{"dims":[1,3],"data":[-0.011099046213513123,-0.24041189457588333,0.10179039499252969]}],"andb0":[{"dims":[3,1],"data":[-0.1460195657982209,-0.042998826341200024,-0.030989625524780948]}],"andb1":[{"dims":[1,1],"data":[0.11606058359255679]}],"orW0":[{"dims":[3,2],"data":[0.02970434323508396,0.010621390410440372,0.09317217433688056,0.09467630714434082,0.12321943400053335,0.09234072166115714]}],"orW1":[{"dims":[1,3],"data":[0.01196058684463164,-0.06280878966912704,0.08817595915925272]}],"orb0":[{"dims":[3,1],"data":[-0.22142712129004122,0.22090829687040708,0.037752736556261594]}],"orb1":[{"dims":[1,1],"data":[-0.0021273594050212714]}],"notW0":[{"dims":[3,1],"data":[-0.1316773926527004,-0.09247691566840961,0.06013853589029555]}],"notW1":[{"dims":[1,3],"data":[-0.037721653936466565,-0.017220144313985816,-0.047961346743064515]}],"notb0":[{"dims":[3,1],"data":[0.15032392550795748,0.11184504602623138,-0.03129372002241006]}],"notb1":[{"dims":[1,1],"data":[-0.03943438581411698]}]}