{"trueResult":{"probs":[0.22921420581057594,0.019508918805434698,0.02689844941838866,0.026361758948273434,0.22921420581057594,0.019508918805434698,0.02689844941838866,0.026361758948273434,0.06440286750063225,0.06440286750063225,0.03505845891035562,0.03415247310570716,0.06440286750063225,0.06440286750063225,0.03505845891035562,0.03415247310570716],"support":["Who is a doctor","Who is a teacher","Who is a doctor and a teacher","Who is a doctor or a teacher","Who isn't a doctor","Who isn't a teacher","Who isn't a doctor and a teacher","Who isn't a doctor or a teacher","What is John","What is Mary","What are John and Mary","What is John or Mary","What isn't John","What isn't Mary","What aren't John and Mary","What isn't John or Mary"]},"learnedResult":{"probs":[0.2138190811887446,0.05506305755668079,0.03316652150776719,0.030291802625559628,0.0813772203423307,0.05506305755668079,0.030701041006578885,0.03024211350884954,0.10582850218706144,0.10585995813178735,0.03363534503792715,0.030271994862352953,0.06680924203486062,0.06684571352375497,0.030789481167410756,0.030235867761652727],"support":["Who is a doctor","Who is a teacher","Who is a doctor and a teacher","Who is a doctor or a teacher","Who isn't a doctor","Who isn't a teacher","Who isn't a doctor and a teacher","Who isn't a doctor or a teacher","What is John","What is Mary","What are John and Mary","What is John or Mary","What isn't John","What isn't Mary","What aren't John and Mary","What isn't John or Mary"]},"KLDivergence":0.14187413601353546}