{"andW0":[{"dims":[3,2],"data":[0.9087769005047793,0.7583637365517938,0.8602214810176515,0.8402291098467247,0.846124838501583,0.8459149620080436]}],"andW1":[{"dims":[1,3],"data":[1.1130801360878302,1.0934771615483787,1.1399909179392866]}],"andb0":[{"dims":[3,1],"data":[-1.0358615991992077,-1.0620083738589499,-1.0746732770847236]}],"andb1":[{"dims":[1,1],"data":[-0.8177463979021293]}],"orW0":[{"dims":[3,2],"data":[-0.5075878825296799,-0.3124797362081216,-0.4390838899349772,-0.45899399553733344,-0.5897045445684979,-0.29358063655754746]}],"orW1":[{"dims":[1,3],"data":[-0.6018562999063197,-0.7265996593250713,-0.4516226906589508]}],"orb0":[{"dims":[3,1],"data":[0.18256462347611532,0.25116091268088453,0.23710616945019497]}],"orb1":[{"dims":[1,1],"data":[-0.2229242358748804]}],"notW0":[{"dims":[3,1],"data":[1.1322145623209086,-0.9834207706767564,1.0458980663519433]}],"notW1":[{"dims":[1,3],"data":[-1.0406165833016572,1.1158703289699934,-1.0882456353379162]}],"notb0":[{"dims":[3,1],"data":[-0.5217455542072638,0.440126591011973,-0.47520599514710987]}],"notb1":[{"dims":[1,1],"data":[-0.1828772749054673]}]}