{"andW0":[{"dims":[3,2],"data":[-0.782942037006199,-0.9969428607020092,-0.7107426760131653,-0.7022117177403744,0.9355091737821597,0.7615940935947375]}],"andW1":[{"dims":[1,3],"data":[-0.9113159043528402,-1.2078284886583814,0.916051584060788]}],"andb0":[{"dims":[3,1],"data":[1.0494474520501624,0.8229046475123056,-1.0192671928295045]}],"andb1":[{"dims":[1,1],"data":[-0.7720842942825021]}],"orW0":[{"dims":[3,2],"data":[0.47635278042311424,0.6495020726886923,-0.33165353223131244,-0.6785261155085945,-0.3361430982525728,-0.7022664892931785]}],"orW1":[{"dims":[1,3],"data":[0.6172404603350189,-0.7683394744583724,-0.6291797333452079]}],"orb0":[{"dims":[3,1],"data":[-0.324420498713315,0.3055335267999037,0.2941496911758737]}],"orb1":[{"dims":[1,1],"data":[-0.3395968377404863]}],"notW0":[{"dims":[3,1],"data":[0.8782069420934414,0.8591841366632316,-0.9953724831592967]}],"notW1":[{"dims":[1,3],"data":[-1.0980730825702016,-1.0696718740933684,0.9170038449974911]}],"notb0":[{"dims":[3,1],"data":[-0.3758234510608301,-0.3609438854461027,0.428967327314626]}],"notb1":[{"dims":[1,1],"data":[-0.35515044098648957]}]}