{"andW0":[{"dims":[3,2],"data":[-0.9982066052781663,-0.9503095638703439,0.906567042601737,0.8973239533798855,-0.9407036192426731,-1.0195435109789246]}],"andW1":[{"dims":[1,3],"data":[-1.1534410602820915,1.300057491716105,-1.1475888833284256]}],"andb0":[{"dims":[3,1],"data":[1.2624529277018588,-1.2021683688334805,1.222484970093936]}],"andb1":[{"dims":[1,1],"data":[-1.0732055556266877]}],"orW0":[{"dims":[3,2],"data":[0.9347841557607464,0.6798012337989204,0.7280209370937553,0.7537783435752482,-0.82295198130743,-1.11581938573446]}],"orW1":[{"dims":[1,3],"data":[0.9348934150845756,1.3832415919137278,-0.8901140277583233]}],"orb0":[{"dims":[3,1],"data":[-0.32193619165064113,-0.2978946116808849,0.4197476439404026]}],"orb1":[{"dims":[1,1],"data":[-0.21203405273531462]}],"notW0":[{"dims":[3,1],"data":[0.9812889662910144,0.9888302874482598,-1.1339687369718758]}],"notW1":[{"dims":[1,3],"data":[-1.0831366347767806,-1.1580215451842288,1.0280223494869747]}],"notb0":[{"dims":[3,1],"data":[-0.42533680195288925,-0.450460679565729,0.5295736132240133]}],"notb1":[{"dims":[1,1],"data":[-0.20248010763887472]}]}