{"andW0":[{"dims":[3,2],"data":[-0.7803291853292784,-0.8128579935021677,-0.7916636983687437,-0.8248739760189191,-0.9035520822291953,-0.8965172841597653]}],"andW1":[{"dims":[1,3],"data":[-1.1527663876875192,-1.0026045486526636,-0.9313389062271014]}],"andb0":[{"dims":[3,1],"data":[0.9788277335165254,0.8790566484705115,1.0422150977249791]}],"andb1":[{"dims":[1,1],"data":[-0.9746138704129402]}],"orW0":[{"dims":[3,2],"data":[-0.6884569713815388,-0.49359616707364223,0.4951764870387545,0.6820912605620005,0.42306839977168786,0.5674763256082823]}],"orW1":[{"dims":[1,3],"data":[-0.6125329355869318,0.7275903967941318,0.8568206288140774]}],"orb0":[{"dims":[3,1],"data":[0.3466716949500811,-0.3764761550827539,-0.28325532846042906]}],"orb1":[{"dims":[1,1],"data":[-0.24912918216619948]}],"notW0":[{"dims":[3,1],"data":[1.1749065640372667,-0.9207345632403546,1.00093310006967]}],"notW1":[{"dims":[1,3],"data":[-0.9770529829194727,1.2602389695084513,-0.9578546219876668]}],"notb0":[{"dims":[3,1],"data":[-0.5497469525255624,0.42047496355303177,-0.4502220145477275]}],"notb1":[{"dims":[1,1],"data":[-0.2112506970074688]}]}