{"trueResult":{"probs":[0.05561319640979196,0.05561319640979191,0.16119021963607344,0.020560500179419624,0.05561319640979196,0.05561319640979191,0.16119021963607344,0.020560500179419624,0.07171132446625784,0.07171132446625784,0.031954853337267324,0.03164538509514016,0.07171132446625784,0.07171132446625784,0.031954853337267324,0.03164538509514016],"support":["Who is a doctor","Who is a teacher","Who is a doctor and a teacher","Who is a doctor or a teacher","Who isn't a doctor","Who isn't a teacher","Who isn't a doctor and a teacher","Who isn't a doctor or a teacher","What is John","What is Mary","What are John and Mary","What is John or Mary","What isn't John","What isn't Mary","What aren't John and Mary","What isn't John or Mary"]},"learnedResult":{"probs":[0.09156300258009205,0.09147857237970072,0.04222050002780023,0.04218214387690444,0.07686361320696988,0.0768636083588422,0.042181844427020596,0.04218184138733426,0.08599438732649148,0.0860013439841329,0.04219669517826815,0.04218197369634506,0.07686339381509982,0.07686339581180614,0.0421818425706479,0.042181841372544195],"support":["Who is a doctor","Who is a teacher","Who is a doctor and a teacher","Who is a doctor or a teacher","Who isn't a doctor","Who isn't a teacher","Who isn't a doctor and a teacher","Who isn't a doctor or a teacher","What is John","What is Mary","What are John and Mary","What is John or Mary","What isn't John","What isn't Mary","What aren't John and Mary","What isn't John or Mary"]},"KLDivergence":0.2391290179457461}