{"andW0":[{"dims":[3,2],"data":[0.018643872115867773,-0.1142370702916352,0.006345173534794022,0.24008379342467653,0.33045734019879625,0.24616749828318604]}],"andW1":[{"dims":[1,3],"data":[-0.010465605666392742,0.20969438269336588,0.23728645063304524]}],"andb0":[{"dims":[3,1],"data":[-0.2772854279582832,-0.3010053289107279,-0.18285765010152683]}],"andb1":[{"dims":[1,1],"data":[-0.19721815514067625]}],"orW0":[{"dims":[3,2],"data":[-0.009784448042308143,0.4329557807281756,-0.034473049977127045,0.3067507616255934,0.22370245149253595,0.22397089307027548]}],"orW1":[{"dims":[1,3],"data":[0.12222472008217587,0.11890397592982849,0.14856910636010867]}],"orb0":[{"dims":[3,1],"data":[-0.13605394968196882,-0.03309531371181179,-0.21865300427145287]}],"orb1":[{"dims":[1,1],"data":[-0.1896944877069441]}],"notW0":[{"dims":[3,1],"data":[-0.13281746634034225,-0.1517814529568948,-0.1710848705373923]}],"notW1":[{"dims":[1,3],"data":[0.10493419769965268,0.2078059883447447,0.1327258124154153]}],"notb0":[{"dims":[3,1],"data":[-0.03792476236547086,0.0036550158913275853,0.003004487948123518]}],"notb1":[{"dims":[1,1],"data":[-0.1376678191675524]}]}