{"trueResult":{"probs":[0.05546369468423024,0.05546369468423024,0.014202900480209283,0.1067100761547137,0.05546369468423024,0.05546369468423024,0.014202900480209283,0.1067100761547137,0.09228867988596844,0.09228867988596844,0.04254201403529164,0.041040260189387924,0.09228867988596844,0.09228867988596844,0.04254201403529164,0.041040260189387924],"support":["Who is a doctor","Who is a teacher","Who is a doctor and a teacher","Who is a doctor or a teacher","Who isn't a doctor","Who isn't a teacher","Who isn't a doctor and a teacher","Who isn't a doctor or a teacher","What is John","What is Mary","What are John and Mary","What is John or Mary","What isn't John","What isn't Mary","What aren't John and Mary","What isn't John or Mary"]},"learnedResult":{"probs":[0.08580687390683753,0.08623938644353449,0.025698872811357337,0.0256386805625369,0.0630415167136186,0.06304168164723725,0.02562377807601382,0.025623751577129403,0.12050796809905466,0.12176034798196894,0.04674982416959394,0.0467001494946629,0.08509421785527019,0.08509390009696276,0.04668953593289628,0.04668951463132515],"support":["Who is a doctor","Who is a teacher","Who is a doctor and a teacher","Who is a doctor or a teacher","Who isn't a doctor","Who isn't a teacher","Who isn't a doctor and a teacher","Who isn't a doctor or a teacher","What is John","What is Mary","What are John and Mary","What is John or Mary","What isn't John","What isn't Mary","What aren't John and Mary","What isn't John or Mary"]},"KLDivergence":0.17092639131781762}