{"andW0":[{"dims":[3,2],"data":[-0.020776984929466308,-0.043989843424431914,-0.0066906420320032665,0.11280137800800655,-0.10661600627344381,-0.12524921741834646]}],"andW1":[{"dims":[1,3],"data":[-0.17041320219174072,-0.11774969016502253,0.084411049933586]}],"andb0":[{"dims":[3,1],"data":[0.188144071967849,0.1872099218320366,0.2061798761389473]}],"andb1":[{"dims":[1,1],"data":[-0.066061912121911]}],"orW0":[{"dims":[3,2],"data":[0.07809327894774093,-0.17690626615086816,-0.0019464203599475686,-0.008445986236703956,-0.04623976050090455,0.040719117593318255]}],"orW1":[{"dims":[1,3],"data":[0.06485974938332677,-0.03811701357814484,-0.1121706359501122]}],"orb0":[{"dims":[3,1],"data":[-0.13755135613576605,-0.0652452810343516,-0.05541473356436828]}],"orb1":[{"dims":[1,1],"data":[0.05047497614010433]}],"notW0":[{"dims":[3,1],"data":[-0.09012623203588292,0.034764797703815305,0.017005040138397348]}],"notW1":[{"dims":[1,3],"data":[0.07033197413803934,-0.16617536999751847,-0.015593512209954587]}],"notb0":[{"dims":[3,1],"data":[0.037319555744538484,0.025731194649030106,0.007855349165897639]}],"notb1":[{"dims":[1,1],"data":[0.011584518745399484]}]}