{"andW0":[{"dims":[3,2],"data":[-0.017644079777854108,-0.10164390563125338,0.12681088717820785,0.1584925733586198,0.14884876646578937,0.04904678189569215]}],"andW1":[{"dims":[1,3],"data":[-0.16377939058194246,0.15700683855735653,0.24072363346987147]}],"andb0":[{"dims":[3,1],"data":[-0.11645070947027758,-0.1930952631569147,-0.08490979170761165]}],"andb1":[{"dims":[1,1],"data":[-0.0449148111969996]}],"orW0":[{"dims":[3,2],"data":[-0.22063369387852724,-0.25282677289940886,0.11528016829186297,0.12533551765617265,-0.10602488552304559,0.08815707167292477]}],"orW1":[{"dims":[1,3],"data":[-0.28768616515466994,0.027463532341987736,0.08885725013335571]}],"orb0":[{"dims":[3,1],"data":[-0.034428505649838424,-0.03792511179791175,-0.07747286290643186]}],"orb1":[{"dims":[1,1],"data":[-0.1383691872023957]}],"notW0":[{"dims":[3,1],"data":[-0.030711009890515603,-0.20109353058044294,0.0123475181353305]}],"notW1":[{"dims":[1,3],"data":[-0.07512332401440193,0.09773905756126365,0.04013933284500619]}],"notb0":[{"dims":[3,1],"data":[-0.08354781190293968,0.014042921339119623,-0.03738123502465444]}],"notb1":[{"dims":[1,1],"data":[0.026036590235955337]}]}