{"trueResult":{"probs":[0.0553029777733234,0.0553029777733234,0.11193898402434184,0.014327108400507904,0.0553029777733234,0.0553029777733234,0.11193898402434184,0.014327108400507904,0.08957536903888999,0.08957536903889003,0.04190386107046416,0.04207335288025932,0.08957536903888999,0.08957536903889003,0.04190386107046416,0.04207335288025932],"support":["Who is a doctor","Who is a teacher","Who is a doctor and a teacher","Who is a doctor or a teacher","Who isn't a doctor","Who isn't a teacher","Who isn't a doctor and a teacher","Who isn't a doctor or a teacher","What is John","What is Mary","What are John and Mary","What is John or Mary","What isn't John","What isn't Mary","What aren't John and Mary","What isn't John or Mary"]},"learnedResult":{"probs":[0.08064441435961076,0.08096456976737623,0.027617220390956834,0.027617299448952293,0.06792499540080124,0.06792500470833178,0.02761598135149018,0.027615981353817768,0.1031406556601212,0.10427408848846184,0.05032139634119754,0.05032094330571989,0.09168911119537793,0.09168914062633897,0.05031959880407837,0.05031959879736715],"support":["Who is a doctor","Who is a teacher","Who is a doctor and a teacher","Who is a doctor or a teacher","Who isn't a doctor","Who isn't a teacher","Who isn't a doctor and a teacher","Who isn't a doctor or a teacher","What is John","What is Mary","What are John and Mary","What is John or Mary","What isn't John","What isn't Mary","What aren't John and Mary","What isn't John or Mary"]},"KLDivergence":0.16901898004952517}