{"andW0":[{"dims":[3,2],"data":[0.785744633710705,0.8343234068955094,0.943261679549539,0.7844778147815895,-0.8917292688828542,-0.8390904731002584]}],"andW1":[{"dims":[1,3],"data":[0.992461734974125,0.9482862124217954,-0.9406629301705342]}],"andb0":[{"dims":[3,1],"data":[-0.882925944703702,-0.9956159218906442,1.0515383337549733]}],"andb1":[{"dims":[1,1],"data":[-0.8752870121040133]}],"orW0":[{"dims":[3,2],"data":[0.28265571759447006,0.25738422655533305,-0.5151703145033616,-0.5367796046732369,-0.4485514493860618,-0.40883969667239656]}],"orW1":[{"dims":[1,3],"data":[0.3821333916944137,-0.7035527882034676,-0.7397809858253535]}],"orb0":[{"dims":[3,1],"data":[-0.016338666595420142,0.3160481431617409,0.24165492334370636]}],"orb1":[{"dims":[1,1],"data":[-0.25549635385765423]}],"notW0":[{"dims":[3,1],"data":[-0.9172821922204144,0.9933032838066482,0.864403182191818]}],"notW1":[{"dims":[1,3],"data":[1.0929232957518726,-0.8845596221101284,-1.104135671272918]}],"notb0":[{"dims":[3,1],"data":[0.41069866928255033,-0.4396795956618092,-0.37790241192652535]}],"notb1":[{"dims":[1,1],"data":[-0.22745427466486326]}]}