{"andW0":[{"dims":[3,2],"data":[-0.8381534831206002,-0.8669799220001335,-0.7968998933527266,-0.8733226245181549,0.8261948682024077,0.7019490504368078]}],"andW1":[{"dims":[1,3],"data":[-1.006231446581769,-1.091137963980912,1.1917616761809338]}],"andb0":[{"dims":[3,1],"data":[0.9702143586828711,1.0218761001877754,-0.8356375818273503]}],"andb1":[{"dims":[1,1],"data":[-0.8860381447871736]}],"orW0":[{"dims":[3,2],"data":[-0.8413771931105385,-0.3737856736410589,0.7616160917064256,0.4205534887591977,0.6120856743568633,0.2767898525556183]}],"orW1":[{"dims":[1,3],"data":[-0.7408923946860412,0.7723758275439688,0.715992409253479]}],"orb0":[{"dims":[3,1],"data":[0.4578601646316897,-0.4059367506653427,-0.3405561941096071]}],"orb1":[{"dims":[1,1],"data":[-0.6371494312274176]}],"notW0":[{"dims":[3,1],"data":[-0.5477933439470761,0.6731187750268319,-0.7007122364610388]}],"notW1":[{"dims":[1,3],"data":[0.46738301500607504,-0.687075781536624,0.8249010734242435]}],"notb0":[{"dims":[3,1],"data":[0.1646905041007421,-0.15812202460242086,0.19024278221609925]}],"notb1":[{"dims":[1,1],"data":[-0.22732014178099252]}]}