{"trueResult":{"probs":[0.15092028369854874,0.15092028369854874,0.11156951292962279,0.11156910715221975,0.1365583198310493,0.1365583198310493,0.10095227001076948,0.10095190284819182],"support":["Who is a doctor","Who is a teacher","Who is a doctor and a teacher","Who is a doctor or a teacher","Who is not a doctor","Who is not a teacher","Who is not a doctor and a teacher","Who is not a doctor or a teacher"]},"learnedResult":{"probs":[0.15092028369854874,0.15092028369854874,0.11156951292962279,0.11156910715221975,0.1365583198310493,0.1365583198310493,0.10095227001076948,0.10095190284819182],"support":["Who is a doctor","Who is a teacher","Who is a doctor and a teacher","Who is a doctor or a teacher","Who is not a doctor","Who is not a teacher","Who is not a doctor and a teacher","Who is not a doctor or a teacher"]},"KLDivergence":0}