{"andW0":[{"dims":[3,2],"data":[-0.21299616759635076,0.001709114309016668,-0.09156765004294759,-0.06599706348336445,0.12444389646089181,-0.2508710009839938]}],"andW1":[{"dims":[1,3],"data":[-0.11035542874984522,-0.09287115972651505,-0.13456355299265776]}],"andb0":[{"dims":[3,1],"data":[0.1063596767673526,0.1298900295706691,0.02784987837054496]}],"andb1":[{"dims":[1,1],"data":[0.11524034741052465]}],"orW0":[{"dims":[3,2],"data":[-0.058843108357995964,0.12152629059678598,0.10790997054730583,0.12022645300910971,-0.16053814896986854,-0.06299712735904472]}],"orW1":[{"dims":[1,3],"data":[0.06662811230194456,0.08072179871495752,-0.11210165353918422]}],"orb0":[{"dims":[3,1],"data":[0.0430722666065625,0.08428373921335226,0.11263825779817585]}],"orb1":[{"dims":[1,1],"data":[-0.1933992786537578]}],"notW0":[{"dims":[3,1],"data":[-0.23737931174358423,-0.09559388382715865,-0.04097062366457063]}],"notW1":[{"dims":[1,3],"data":[0.11913211701412857,0.030975566438707632,-0.057455927756108666]}],"notb0":[{"dims":[3,1],"data":[0.03598716301355654,-0.08532666532697653,0.1396570223486501]}],"notb1":[{"dims":[1,1],"data":[0.09118315458132527]}]}