{"trueResult":{"probs":[0.06327111734353735,0.0632711173435373,0.034279269305067944,0.03340485038853081,0.06327111734353735,0.0632711173435373,0.034279269305067944,0.03340485038853081,0.019306471141005675,0.2335112339276271,0.02673579184995846,0.026220148700735305,0.019306471141005675,0.2335112339276271,0.02673579184995846,0.026220148700735305],"support":["Who is a doctor","Who is a teacher","Who is a doctor and a teacher","Who is a doctor or a teacher","Who isn't a doctor","Who isn't a teacher","Who isn't a doctor and a teacher","Who isn't a doctor or a teacher","What is John","What is Mary","What are John and Mary","What is John or Mary","What isn't John","What isn't Mary","What aren't John and Mary","What isn't John or Mary"]},"learnedResult":{"probs":[0.10771056458616324,0.10952367016060804,0.03277099034466174,0.030022222661606025,0.06527370185891208,0.06575626879505553,0.028720424722953698,0.028340224220706017,0.05058891108846264,0.22638561522650194,0.03201327400581228,0.03066522400616791,0.05058891108846264,0.08463267590699745,0.028546320453071334,0.02846100087385695],"support":["Who is a doctor","Who is a teacher","Who is a doctor and a teacher","Who is a doctor or a teacher","Who isn't a doctor","Who isn't a teacher","Who isn't a doctor and a teacher","Who isn't a doctor or a teacher","What is John","What is Mary","What are John and Mary","What is John or Mary","What isn't John","What isn't Mary","What aren't John and Mary","What isn't John or Mary"]},"KLDivergence":0.13808753544919983}