{"trueResult":{"probs":[0.06410672331313708,0.06410672331313713,0.0190585365375221,0.01927105804701646,0.06410672331313708,0.06410672331313713,0.0190585365375221,0.01927105804701646,0.06204399166260505,0.06204399166260505,0.022996563104560053,0.186372412359417,0.06204399166260505,0.06204399166260505,0.022996563104560053,0.186372412359417],"support":["Who is a doctor","Who is a teacher","Who is a doctor and a teacher","Who is a doctor or a teacher","Who isn't a doctor","Who isn't a teacher","Who isn't a doctor and a teacher","Who isn't a doctor or a teacher","What is John","What is Mary","What are John and Mary","What is John or Mary","What isn't John","What isn't Mary","What aren't John and Mary","What isn't John or Mary"]},"learnedResult":{"probs":[0.08867429140504254,0.08866905794508732,0.0259014620924606,0.025901462084195685,0.06370731672527744,0.0637073167252773,0.025901462083843186,0.0259014620838432,0.11543671258436893,0.11542552699477093,0.047195541035801356,0.04719554102152331,0.08599588258868174,0.0859958825886815,0.04719554102057261,0.04719554102057261],"support":["Who is a doctor","Who is a teacher","Who is a doctor and a teacher","Who is a doctor or a teacher","Who isn't a doctor","Who isn't a teacher","Who isn't a doctor and a teacher","Who isn't a doctor or a teacher","What is John","What is Mary","What are John and Mary","What is John or Mary","What isn't John","What isn't Mary","What aren't John and Mary","What isn't John or Mary"]},"KLDivergence":0.2974512087707816}