{"andW0":[{"dims":[3,2],"data":[0.8527480422702388,0.8179017283183669,0.6536996647008416,0.7933962500503019,0.863211065383179,0.7763152113165415]}],"andW1":[{"dims":[1,3],"data":[1.0504113718585404,1.2183538698620762,1.1407271301960884]}],"andb0":[{"dims":[3,1],"data":[-0.9253055404205094,-0.7703692393481485,-0.9977743016812038]}],"andb1":[{"dims":[1,1],"data":[-1.0985920310377302]}],"orW0":[{"dims":[3,2],"data":[0.6972411283029206,0.4988999177849331,0.7385289712477839,0.5765229407552679,0.7383219487089359,0.4517203493990736]}],"orW1":[{"dims":[1,3],"data":[0.9778354109450672,0.8570933823342243,0.9228154054070502]}],"orb0":[{"dims":[3,1],"data":[-0.3189015363462053,-0.3761345000327027,-0.3435329825075813]}],"orb1":[{"dims":[1,1],"data":[-0.2499732561133624]}],"notW0":[{"dims":[3,1],"data":[-0.9714223320897067,-1.1275879714484156,-1.183382880487203]}],"notW1":[{"dims":[1,3],"data":[1.245023639747031,1.0615091530657652,1.0218496518252167]}],"notb0":[{"dims":[3,1],"data":[0.4450466218634795,0.5277276718892736,0.5572052499923325]}],"notb1":[{"dims":[1,1],"data":[-0.3097728170869592]}]}