{"andW0":[{"dims":[3,2],"data":[-0.15503612557337831,-0.00944856069934992,0.001572825288007639,0.05992138737467405,0.0019213155887416145,-0.05903795414214364]}],"andW1":[{"dims":[1,3],"data":[0.03780977125090372,0.0037465841064225295,0.1386559698944244]}],"andb0":[{"dims":[3,1],"data":[-0.04571023231000855,-0.0025139322663049173,-0.07583016369358182]}],"andb1":[{"dims":[1,1],"data":[0.13279106119166584]}],"orW0":[{"dims":[3,2],"data":[-0.10736176787276297,-0.011458527059113788,-0.12075127493724237,0.04248540698577377,0.0412468924439752,0.1166572569609289]}],"orW1":[{"dims":[1,3],"data":[0.02155510730612596,0.16798087650636492,-0.04962218343529738]}],"orb0":[{"dims":[3,1],"data":[-0.026668713815634144,-0.16043495280917872,0.03796772536071916]}],"orb1":[{"dims":[1,1],"data":[0.04740526257142047]}],"notW0":[{"dims":[3,1],"data":[0.06988474706061792,-0.012532560982543291,0.11816240448381451]}],"notW1":[{"dims":[1,3],"data":[0.059775776762117615,-0.018516400058103358,0.11362648366160778]}],"notb0":[{"dims":[3,1],"data":[-0.11646306473846345,0.18848919318270033,0.11488637031345543]}],"notb1":[{"dims":[1,1],"data":[0.055318809311025695]}]}