{"andW0":[{"dims":[3,2],"data":[0.7829968604638026,0.7653916834248939,-0.7978465800641451,-0.7696585874137061,0.9632927258760341,0.7836868601681556]}],"andW1":[{"dims":[1,3],"data":[1.1019798777875258,-1.069899215829397,0.9352895779383497]}],"andb0":[{"dims":[3,1],"data":[-0.9458361764341925,0.9297320482442436,-1.0539406434857777]}],"andb1":[{"dims":[1,1],"data":[-0.8682563880495684]}],"orW0":[{"dims":[3,2],"data":[-0.6202377151579318,-0.63055006139816,0.34853821846481653,0.5564440756846964,-0.322282175621711,-0.6571630913748419]}],"orW1":[{"dims":[1,3],"data":[-0.7432854904486946,0.4465752231331699,-0.39288025905865354]}],"orb0":[{"dims":[3,1],"data":[0.3895516300221543,-0.25630559611318,0.2971418726908068]}],"orb1":[{"dims":[1,1],"data":[-0.24369321474612404]}],"notW0":[{"dims":[3,1],"data":[1.0291921348254265,-0.9959784114005376,0.9334539712457529]}],"notW1":[{"dims":[1,3],"data":[-1.0028647770113228,0.9674043221404852,-1.0365468365559074]}],"notb0":[{"dims":[3,1],"data":[-0.44744207409124603,0.42490446998308223,-0.3921557766197844]}],"notb1":[{"dims":[1,1],"data":[-0.3278525762794955]}]}