{"trueResult":{"probs":[0.0632711173435373,0.0632711173435373,0.034279269305067944,0.03340485038853081,0.0632711173435373,0.0632711173435373,0.034279269305067944,0.03340485038853081,0.2335112339276272,0.019306471141005675,0.026735791849958446,0.02622014870073529,0.2335112339276272,0.019306471141005675,0.026735791849958446,0.02622014870073529],"support":["Who is a doctor","Who is a teacher","Who is a doctor and a teacher","Who is a doctor or a teacher","Who isn't a doctor","Who isn't a teacher","Who isn't a doctor and a teacher","Who isn't a doctor or a teacher","What is John","What is Mary","What are John and Mary","What is John or Mary","What isn't John","What isn't Mary","What aren't John and Mary","What isn't John or Mary"]},"learnedResult":{"probs":[0.08841456352865343,0.081579485557959,0.04370972076121288,0.021530794517876598,0.04909942456370985,0.05576927461965783,0.023077490091351033,0.015792787454289553,0.2725036842605088,0.028760665218134755,0.11996537591760625,0.02197075055750148,0.09656443000777497,0.028760665218134755,0.03671154900439431,0.01578933872123454],"support":["Who is a doctor","Who is a teacher","Who is a doctor and a teacher","Who is a doctor or a teacher","Who isn't a doctor","Who isn't a teacher","Who isn't a doctor and a teacher","Who isn't a doctor or a teacher","What is John","What is Mary","What are John and Mary","What is John or Mary","What isn't John","What isn't Mary","What aren't John and Mary","What isn't John or Mary"]},"KLDivergence":0.15577560012595273}