{"andW0":[{"dims":[3,2],"data":[-0.8414781168027973,-0.9151548957709941,1.0591969870694447,0.9346263653049494,0.8218857094095509,1.0267280787347839]}],"andW1":[{"dims":[1,3],"data":[-1.145118326558429,1.2210946906470947,1.359559951718754]}],"andb0":[{"dims":[3,1],"data":[1.143841530041562,-1.259968867532965,-1.1826515137259714]}],"andb1":[{"dims":[1,1],"data":[-1.146247337650728]}],"orW0":[{"dims":[3,2],"data":[1.0816944572334406,0.9563096406018661,0.9872357032455482,0.9353644607551913,1.1254589081580668,1.1685491390327745]}],"orW1":[{"dims":[1,3],"data":[1.1598394516005537,1.0729147240081047,1.1908827348413826]}],"orb0":[{"dims":[3,1],"data":[-0.44319303259053233,-0.4047341211880891,-0.5173593672318132]}],"orb1":[{"dims":[1,1],"data":[-0.1363685907314906]}],"notW0":[{"dims":[3,1],"data":[1.04676243884846,-1.0931513240896071,1.0674249063156342]}],"notW1":[{"dims":[1,3],"data":[-1.2921506694480078,1.1254401090448973,-1.2662925195909098]}],"notb0":[{"dims":[3,1],"data":[-0.39654431423603875,0.40060039986329926,-0.4091936051509287]}],"notb1":[{"dims":[1,1],"data":[-0.4862158320225683]}]}