{"andW0":[{"dims":[3,2],"data":[-0.6976971006781356,-0.23462307303221594,-0.6155688917120153,-0.21301738401305884,-0.709746051831249,-0.20938512852919536]}],"andW1":[{"dims":[1,3],"data":[0.6175898614641809,0.7540165269044821,0.49537551101783567]}],"andb0":[{"dims":[3,1],"data":[0.021101124925207982,-0.07785974017221287,-0.0028736219584428067]}],"andb1":[{"dims":[1,1],"data":[-0.8455588183709243]}],"orW0":[{"dims":[3,2],"data":[-0.5570077046755494,-0.1291509439868419,0.47875966166808775,0.2261251019024673,0.7986754567087274,0.12505398438482984]}],"orW1":[{"dims":[1,3],"data":[0.5756497004896314,-0.6467864208360492,-0.6386880402574296]}],"orb0":[{"dims":[3,1],"data":[-0.15438488275156717,0.13044391397607724,-0.12571217186757946]}],"orb1":[{"dims":[1,1],"data":[-0.8194430188217199]}],"notW0":[{"dims":[3,1],"data":[-0.5586130183591378,-0.45300780981819205,0.49905036195950353]}],"notW1":[{"dims":[1,3],"data":[0.5315868798664645,0.620095111426197,-0.5671234933885131]}],"notb0":[{"dims":[3,1],"data":[-0.03398924252836162,-0.19380990081126495,0.12182636875691223]}],"notb1":[{"dims":[1,1],"data":[-0.5664042903209762]}]}
