{"andW0":[{"dims":[3,2],"data":[-0.15819977290913062,-0.1888974978297393,0.07400057337040195,-0.07236455823479448,0.20154151762492528,0.0717045833238522]}],"andW1":[{"dims":[1,3],"data":[-0.0931792973312589,0.0018041302981053318,0.12558592080464975]}],"andb0":[{"dims":[3,1],"data":[0.15345812355907504,0.1863105143577913,-0.0009810535051846976]}],"andb1":[{"dims":[1,1],"data":[-0.10431929937766767]}],"orW0":[{"dims":[3,2],"data":[-0.14983150611335516,0.022848027567241865,-0.32959448457731494,0.029291189909737746,0.21683876941105665,-0.017805037482542793]}],"orW1":[{"dims":[1,3],"data":[-0.09049331307772378,-0.03221237812517578,0.07171331766482929]}],"orb0":[{"dims":[3,1],"data":[0.11897633133413832,-0.00492068942197441,-0.09710441257386536]}],"orb1":[{"dims":[1,1],"data":[0.19077173947001513]}],"notW0":[{"dims":[3,1],"data":[-0.23118436335205225,0.08008480930987914,-0.10352856681962785]}],"notW1":[{"dims":[1,3],"data":[0.1865958893546546,-0.19814983371907866,0.1508440386184122]}],"notb0":[{"dims":[3,1],"data":[0.03788318608564015,0.01298412750598318,-0.04143298248278992]}],"notb1":[{"dims":[1,1],"data":[0.058187810892578816]}]}