{"trueResult":{"probs":[0.22921420581057594,0.019508918805434698,0.02689844941838866,0.026361758948273434,0.22921420581057594,0.019508918805434698,0.02689844941838866,0.026361758948273434,0.06440286750063225,0.06440286750063225,0.03505845891035562,0.03415247310570716,0.06440286750063225,0.06440286750063225,0.03505845891035562,0.03415247310570716],"support":["Who is a doctor","Who is a teacher","Who is a doctor and a teacher","Who is a doctor or a teacher","Who isn't a doctor","Who isn't a teacher","Who isn't a doctor and a teacher","Who isn't a doctor or a teacher","What is John","What is Mary","What are John and Mary","What is John or Mary","What isn't John","What isn't Mary","What aren't John and Mary","What isn't John or Mary"]},"learnedResult":{"probs":[0.14558655165297113,0.0695629477313786,0.03819224043276948,0.0381770740691217,0.06956378342657284,0.0695629477313786,0.03817695526811022,0.038176955156923056,0.10039442736350805,0.10074800307677932,0.038200435388747345,0.03817703706115927,0.06956336435174358,0.06956336680372001,0.038176955328486625,0.03817695515662992],"support":["Who is a doctor","Who is a teacher","Who is a doctor and a teacher","Who is a doctor or a teacher","Who isn't a doctor","Who isn't a teacher","Who isn't a doctor and a teacher","Who isn't a doctor or a teacher","What is John","What is Mary","What are John and Mary","What is John or Mary","What isn't John","What isn't Mary","What aren't John and Mary","What isn't John or Mary"]},"KLDivergence":0.2084329056242472}