{"trueResult":{"probs":[0.06327111734353735,0.0632711173435373,0.034279269305067944,0.03340485038853081,0.06327111734353735,0.0632711173435373,0.034279269305067944,0.03340485038853081,0.019306471141005675,0.2335112339276271,0.02673579184995846,0.026220148700735305,0.019306471141005675,0.2335112339276271,0.02673579184995846,0.026220148700735305],"support":["Who is a doctor","Who is a teacher","Who is a doctor and a teacher","Who is a doctor or a teacher","Who isn't a doctor","Who isn't a teacher","Who isn't a doctor and a teacher","Who isn't a doctor or a teacher","What is John","What is Mary","What are John and Mary","What is John or Mary","What isn't John","What isn't Mary","What aren't John and Mary","What isn't John or Mary"]},"learnedResult":{"probs":[0.10022353396503664,0.10024335459660326,0.03830656959507239,0.03830626839023973,0.0697986584450463,0.06979865848329084,0.03830626835072704,0.03830626835023038,0.06979857173375853,0.1440891095213378,0.0383066165639308,0.03830626837524661,0.06979857173375853,0.06979874519468654,0.038306268350804494,0.03830626835023034],"support":["Who is a doctor","Who is a teacher","Who is a doctor and a teacher","Who is a doctor or a teacher","Who isn't a doctor","Who isn't a teacher","Who isn't a doctor and a teacher","Who isn't a doctor or a teacher","What is John","What is Mary","What are John and Mary","What is John or Mary","What isn't John","What isn't Mary","What aren't John and Mary","What isn't John or Mary"]},"KLDivergence":0.21859178835849813}