{"trueResult":{"probs":[0.06327111734353735,0.0632711173435373,0.034279269305067944,0.03340485038853081,0.06327111734353735,0.0632711173435373,0.034279269305067944,0.03340485038853081,0.019306471141005675,0.2335112339276271,0.02673579184995846,0.026220148700735305,0.019306471141005675,0.2335112339276271,0.02673579184995846,0.026220148700735305],"support":["Who is a doctor","Who is a teacher","Who is a doctor and a teacher","Who is a doctor or a teacher","Who isn't a doctor","Who isn't a teacher","Who isn't a doctor and a teacher","Who isn't a doctor or a teacher","What is John","What is Mary","What are John and Mary","What is John or Mary","What isn't John","What isn't Mary","What aren't John and Mary","What isn't John or Mary"]},"learnedResult":{"probs":[0.10021118349358045,0.10021694596481356,0.038310047421648154,0.038309857667303666,0.06980519551440677,0.06980519546992171,0.038309857663094714,0.038309857662791935,0.06980511188765753,0.14406662042455612,0.03831016285613075,0.03830985766359369,0.06980511188765753,0.06980527909677225,0.0383098576632789,0.038309857662791935],"support":["Who is a doctor","Who is a teacher","Who is a doctor and a teacher","Who is a doctor or a teacher","Who isn't a doctor","Who isn't a teacher","Who isn't a doctor and a teacher","Who isn't a doctor or a teacher","What is John","What is Mary","What are John and Mary","What is John or Mary","What isn't John","What isn't Mary","What aren't John and Mary","What isn't John or Mary"]},"KLDivergence":0.2185929011899348}