{"andW0":[{"dims":[3,2],"data":[0.05037940070430981,0.007502853650519456,0.10263920581422342,-0.0777168262372592,0.07793275297904194,-0.03979761207790685]}],"andW1":[{"dims":[1,3],"data":[0.007472158686930994,0.069363154711094,0.10227373792944952]}],"andb0":[{"dims":[3,1],"data":[-0.07189273350079048,-0.09871458308018027,-0.23254679991249225]}],"andb1":[{"dims":[1,1],"data":[-0.02078395893751442]}],"orW0":[{"dims":[3,2],"data":[0.07525120561016581,0.10543506925035845,-0.0886146879608965,0.012446875768993605,0.2460342276689382,-0.02235148401077039]}],"orW1":[{"dims":[1,3],"data":[-0.15145379178283128,-0.12208288567206524,-0.0614717042469639]}],"orb0":[{"dims":[3,1],"data":[0.04440964590718038,0.02148554360002345,-0.010832398526933016]}],"orb1":[{"dims":[1,1],"data":[0.14012610084990965]}],"notW0":[{"dims":[3,1],"data":[-0.07370580246985925,0.08901239460714515,-0.09755701166859701]}],"notW1":[{"dims":[1,3],"data":[-0.0004310665868433542,-0.131830363875558,0.11105053437485975]}],"notb0":[{"dims":[3,1],"data":[0.03991382275424804,-0.0784722508998779,-0.09856423041106553]}],"notb1":[{"dims":[1,1],"data":[0.049073742786980325]}]}