{"trueResult":{"probs":[0.22921420581057594,0.019508918805434698,0.02689844941838866,0.026361758948273434,0.22921420581057594,0.019508918805434698,0.02689844941838866,0.026361758948273434,0.06440286750063225,0.06440286750063225,0.03505845891035562,0.03415247310570716,0.06440286750063225,0.06440286750063225,0.03505845891035562,0.03415247310570716],"support":["Who is a doctor","Who is a teacher","Who is a doctor and a teacher","Who is a doctor or a teacher","Who isn't a doctor","Who isn't a teacher","Who isn't a doctor and a teacher","Who isn't a doctor or a teacher","What is John","What is Mary","What are John and Mary","What is John or Mary","What isn't John","What isn't Mary","What aren't John and Mary","What isn't John or Mary"]},"learnedResult":{"probs":[0.1440396156301276,0.06980417648912095,0.0383094189191636,0.03830934431341851,0.06980434378204076,0.06980417648912095,0.038309344305309745,0.03830934430519069,0.10022827313945103,0.10023587502216864,0.038309534413431635,0.0383093443097088,0.06980426015631169,0.06980426011475054,0.03830934430549403,0.03830934430519069],"support":["Who is a doctor","Who is a teacher","Who is a doctor and a teacher","Who is a doctor or a teacher","Who isn't a doctor","Who isn't a teacher","Who isn't a doctor and a teacher","Who isn't a doctor or a teacher","What is John","What is Mary","What are John and Mary","What is John or Mary","What isn't John","What isn't Mary","What aren't John and Mary","What isn't John or Mary"]},"KLDivergence":0.2091290335617396}