{"andW0":[{"dims":[3,2],"data":[0.11303310424227445,0.2766202984241433,0.08278491976537801,0.20834186615031877,0.2385934374434581,0.18349589273674427]}],"andW1":[{"dims":[1,3],"data":[0.11024252771167539,0.4288282842406446,0.09028510036317632]}],"andb0":[{"dims":[3,1],"data":[-0.09136585657443405,-0.23469804274278064,-0.1552589564593098]}],"andb1":[{"dims":[1,1],"data":[-0.11519865774584166]}],"orW0":[{"dims":[3,2],"data":[-0.005831860317578595,0.060263866323031344,0.18542609630617485,-0.04217317758964506,-0.13858061111475975,0.0003385759460446549]}],"orW1":[{"dims":[1,3],"data":[-0.057183347603682946,0.13006808097274272,0.03609276939689858]}],"orb0":[{"dims":[3,1],"data":[-0.03629675217193883,-0.08942484788706477,-0.2976565274015597]}],"orb1":[{"dims":[1,1],"data":[-0.025904144266253648]}],"notW0":[{"dims":[3,1],"data":[-0.1655881931384964,-0.046008719419793356,0.04125880293126194]}],"notW1":[{"dims":[1,3],"data":[-0.0420507945127292,0.12756812782612587,-0.0861685032424145]}],"notb0":[{"dims":[3,1],"data":[0.06189840717598393,0.10997468398964427,-0.0290561783041115]}],"notb1":[{"dims":[1,1],"data":[0.09540999786446439]}]}