{"trueResult":{"probs":[0.0632711173435373,0.0632711173435373,0.034279269305067944,0.03340485038853081,0.0632711173435373,0.0632711173435373,0.034279269305067944,0.03340485038853081,0.2335112339276272,0.019306471141005675,0.026735791849958446,0.02622014870073529,0.2335112339276272,0.019306471141005675,0.026735791849958446,0.02622014870073529],"support":["Who is a doctor","Who is a teacher","Who is a doctor and a teacher","Who is a doctor or a teacher","Who isn't a doctor","Who isn't a teacher","Who isn't a doctor and a teacher","Who isn't a doctor or a teacher","What is John","What is Mary","What are John and Mary","What is John or Mary","What isn't John","What isn't Mary","What aren't John and Mary","What isn't John or Mary"]},"learnedResult":{"probs":[0.10519387553525868,0.1050999466398895,0.03228678682110355,0.02788667588822209,0.07013611797865862,0.07013183192777606,0.02842219270257744,0.027050523873953885,0.2218192077612829,0.04794656978217012,0.03107822389859082,0.02805002211685522,0.10193428769360884,0.04794656978217012,0.027939858481718052,0.02707730911616434],"support":["Who is a doctor","Who is a teacher","Who is a doctor and a teacher","Who is a doctor or a teacher","Who isn't a doctor","Who isn't a teacher","Who isn't a doctor and a teacher","Who isn't a doctor or a teacher","What is John","What is Mary","What are John and Mary","What is John or Mary","What isn't John","What isn't Mary","What aren't John and Mary","What isn't John or Mary"]},"KLDivergence":0.10686432706382959}