{"trueResult":{"probs":[0.07056451151225795,0.07056451151225793,0.03198790362966697,0.0317709209082792,0.07056451151225795,0.07056451151225793,0.03198790362966697,0.0317709209082792,0.056019550372890525,0.056019550372890525,0.16243769311668096,0.02063535857507579,0.056019550372890525,0.056019550372890525,0.16243769311668096,0.02063535857507579],"support":["Who is a doctor","Who is a teacher","Who is a doctor and a teacher","Who is a doctor or a teacher","Who isn't a doctor","Who isn't a teacher","Who isn't a doctor and a teacher","Who isn't a doctor or a teacher","What is John","What is Mary","What are John and Mary","What is John or Mary","What isn't John","What isn't Mary","What aren't John and Mary","What isn't John or Mary"]},"learnedResult":{"probs":[0.09828742299739582,0.09876494589701997,0.039872247112815486,0.037957812030874595,0.07386670459673937,0.07404724864756959,0.037991936447181275,0.03779942345169174,0.0973368470728329,0.09857866771798689,0.044029956477915765,0.038091082231278606,0.0734712303865832,0.07373799610747013,0.038351625602155034,0.03781485322248957],"support":["Who is a doctor","Who is a teacher","Who is a doctor and a teacher","Who is a doctor or a teacher","Who isn't a doctor","Who isn't a teacher","Who isn't a doctor and a teacher","Who isn't a doctor or a teacher","What is John","What is Mary","What are John and Mary","What is John or Mary","What isn't John","What isn't Mary","What aren't John and Mary","What isn't John or Mary"]},"KLDivergence":0.25072699271250054}