{"trueResult":{"probs":[0.07314497016363104,0.07314497016363104,0.03248027289420872,0.031733907142317455,0.07314497016363104,0.07314497016363104,0.03248027289420872,0.031733907142317455,0.05698246399509907,0.05698246399509907,0.020735222917302933,0.15479572872871053,0.05698246399509907,0.05698246399509907,0.020735222917302933,0.15479572872871053],"support":["Who is a doctor","Who is a teacher","Who is a doctor and a teacher","Who is a doctor or a teacher","Who isn't a doctor","Who isn't a teacher","Who isn't a doctor and a teacher","Who isn't a doctor or a teacher","What is John","What is Mary","What are John and Mary","What is John or Mary","What isn't John","What isn't Mary","What aren't John and Mary","What isn't John or Mary"]},"learnedResult":{"probs":[0.11372299052267432,0.11394602693861099,0.037794890713537165,0.03396202726443184,0.07473877135530893,0.07483215375362216,0.03450797445450646,0.033876603191230335,0.09912843551948355,0.09965747246590712,0.03702407535947812,0.034080395663394054,0.07214238237844092,0.07235697034038117,0.034310231004549614,0.03391859907444254],"support":["Who is a doctor","Who is a teacher","Who is a doctor and a teacher","Who is a doctor or a teacher","Who isn't a doctor","Who isn't a teacher","Who isn't a doctor and a teacher","Who isn't a doctor or a teacher","What is John","What is Mary","What are John and Mary","What is John or Mary","What isn't John","What isn't Mary","What aren't John and Mary","What isn't John or Mary"]},"KLDivergence":0.2772832268751106}