{"andW0":[{"dims":[3,2],"data":[-1.0157278347761094,-0.9665719474470867,1.0190140380457826,0.9120741790762862,1.0646178007085463,1.0218019013974704]}],"andW1":[{"dims":[1,3],"data":[-1.2365822934432933,1.330581114544394,1.201524850826817]}],"andb0":[{"dims":[3,1],"data":[1.22280818026606,-1.2002641796450408,-1.2625792972524224]}],"andb1":[{"dims":[1,1],"data":[-1.3955792671457257]}],"orW0":[{"dims":[3,2],"data":[0.9660935191889289,0.7269579071824088,-0.8927981723824595,-0.818652136084095,-0.8741061475848155,-0.7087093168727053]}],"orW1":[{"dims":[1,3],"data":[0.9747421468325386,-0.9203205317885774,-1.041690600211176]}],"orb0":[{"dims":[3,1],"data":[-0.36528218961775183,0.39473282653804515,0.3702271678824063]}],"orb1":[{"dims":[1,1],"data":[-0.25751694152975196]}],"notW0":[{"dims":[3,1],"data":[-1.2081302024013096,1.0994924303667841,1.2095174804426405]}],"notW1":[{"dims":[1,3],"data":[1.109137706668359,-1.2238285500873238,-1.1041841715125815]}],"notb0":[{"dims":[3,1],"data":[0.5323153670637663,-0.4788000244675025,-0.5322930941060879]}],"notb1":[{"dims":[1,1],"data":[-0.1617857005099252]}]}