{"andW0":[{"dims":[3,2],"data":[-0.24606761841372782,-0.18026908813077858,-0.15474044483099636,-0.0200041176518619,-0.34151597481978174,-0.22494238778299258]}],"andW1":[{"dims":[1,3],"data":[-0.20464103916385798,-0.10889569926109373,-0.196934610978225]}],"andb0":[{"dims":[3,1],"data":[0.23325443996239048,-0.0723296034166937,0.21766706352274467]}],"andb1":[{"dims":[1,1],"data":[-0.23875420777556708]}],"orW0":[{"dims":[3,2],"data":[0.04030279180989886,0.2104951296900548,0.0842478655193165,0.03790201984079701,0.1083485668257591,0.01414502605968188]}],"orW1":[{"dims":[1,3],"data":[0.015152251495722278,0.02649518931543635,0.03870122921251733]}],"orb0":[{"dims":[3,1],"data":[0.14614356664717554,0.031207234335145394,-0.17529001584895693]}],"orb1":[{"dims":[1,1],"data":[-0.03326537764777757]}],"notW0":[{"dims":[3,1],"data":[0.2370746280491134,-0.2764911129882722,-0.2237644297760952]}],"notW1":[{"dims":[1,3],"data":[-0.27049758293958603,0.3412826999100391,0.18016404667326993]}],"notb0":[{"dims":[3,1],"data":[0.04830565783906733,-0.0031430427233495525,-0.06890230939870981]}],"notb1":[{"dims":[1,1],"data":[0.02893464350590211]}]}