{"trueResult":{"probs":[0.07314497016363104,0.07314497016363104,0.03248027289420872,0.031733907142317455,0.07314497016363104,0.07314497016363104,0.03248027289420872,0.031733907142317455,0.05698246399509907,0.05698246399509907,0.020735222917302933,0.15479572872871053,0.05698246399509907,0.05698246399509907,0.020735222917302933,0.15479572872871053],"support":["Who is a doctor","Who is a teacher","Who is a doctor and a teacher","Who is a doctor or a teacher","Who isn't a doctor","Who isn't a teacher","Who isn't a doctor and a teacher","Who isn't a doctor or a teacher","What is John","What is Mary","What are John and Mary","What is John or Mary","What isn't John","What isn't Mary","What aren't John and Mary","What isn't John or Mary"]},"learnedResult":{"probs":[0.10017536907744404,0.1001812136327414,0.03965557810964903,0.03965557293808473,0.07225716643303888,0.07225716643371315,0.03965557283275437,0.03965557283275412,0.09668286797129685,0.09668728271627916,0.039655585241003,0.039655573020775534,0.07225716654730019,0.07225716654765653,0.039655572832754706,0.03965557283275412],"support":["Who is a doctor","Who is a teacher","Who is a doctor and a teacher","Who is a doctor or a teacher","Who isn't a doctor","Who isn't a teacher","Who isn't a doctor and a teacher","Who isn't a doctor or a teacher","What is John","What is Mary","What are John and Mary","What is John or Mary","What isn't John","What isn't Mary","What aren't John and Mary","What isn't John or Mary"]},"KLDivergence":0.23608268830037238}