{"andW0":[{"dims":[3,2],"data":[0.24395617404870662,0.18321142875352062,0.2637258175934754,0.28261842475520765,-0.30176985830089864,-0.1710206880244596]}],"andW1":[{"dims":[1,3],"data":[0.24001375418174156,0.19227077206224333,-0.20809428214786446]}],"andb0":[{"dims":[3,1],"data":[-0.25968676322226825,-0.2626906997722897,0.2935089941630579]}],"andb1":[{"dims":[1,1],"data":[-0.253696030440126]}],"orW0":[{"dims":[3,2],"data":[-0.0022331810935660177,0.05823634270220436,-0.14359206324126536,-0.10344291597521714,0.030718630589372877,0.12587421065696464]}],"orW1":[{"dims":[1,3],"data":[0.12641198870743942,-0.2025551193821322,0.18641828401960597]}],"orb0":[{"dims":[3,1],"data":[-0.14358068757196432,0.0697241245975046,-0.1769355382698821]}],"orb1":[{"dims":[1,1],"data":[-0.19005508151594103]}],"notW0":[{"dims":[3,1],"data":[0.14376055481006336,-0.18471576963445427,0.19436830785474601]}],"notW1":[{"dims":[1,3],"data":[-0.2079647136691828,0.18400284012331988,-0.1686824552400402]}],"notb0":[{"dims":[3,1],"data":[-0.021134593757928966,-0.010399674319778698,0.0005919333363627934]}],"notb1":[{"dims":[1,1],"data":[-0.21846129527127617]}]}