{"andW0":[{"dims":[3,2],"data":[0.10410043839595659,-0.006005075201443431,-0.1621492776788195,-0.2195153623662667,-0.011260179584959274,0.02853960150236997]}],"andW1":[{"dims":[1,3],"data":[0.13469309934601692,-0.1636124730173931,0.0022419584463982296]}],"andb0":[{"dims":[3,1],"data":[-0.10191113879420484,0.047869125661305224,0.10133436799382993]}],"andb1":[{"dims":[1,1],"data":[-0.1784375737417371]}],"orW0":[{"dims":[3,2],"data":[0.03589026858847011,-0.14219504661369722,-0.006135613374529999,0.039431547035745584,0.01898539060906861,0.04953623021207701]}],"orW1":[{"dims":[1,3],"data":[-0.08956872918986059,0.052829792815319486,0.015144896350525487]}],"orb0":[{"dims":[3,1],"data":[-0.06280448957657027,0.030391211096179958,0.05122960001236129]}],"orb1":[{"dims":[1,1],"data":[0.08589817803309556]}],"notW0":[{"dims":[3,1],"data":[-0.06560099074393515,-0.1471008739131993,0.016076290216130336]}],"notW1":[{"dims":[1,3],"data":[0.06672069826165183,0.031085958622525965,-0.17644442018405215]}],"notb0":[{"dims":[3,1],"data":[-0.035548231083473325,0.053283987482959115,-0.1973166870309017]}],"notb1":[{"dims":[1,1],"data":[-0.06348467073339757]}]}